timestamp,city,checkin,checkout,num_staying_nights,id,name,displayName,accomPropertyType,region,starRating,userRating,showedFacilityTypes,numReviews,userRatingInfo,latitude,longitude,lowRate,highRate,hotelFeatures,hotelSeoUrl,cheapestRate_allNights_baseFare,cheapestRate_allNights_fees,cheapestRate_allNights_taxes,cheapestRate_allNights_totalFare,cheapestRate_perNight_baseFare,cheapestRate_perNight_fees,cheapestRate_perNight_taxes,cheapestRate_perNight_totalFare,originalRate_allNights_baseFare,originalRate_allNights_fees,originalRate_allNights_taxes,originalRate_allNights_totalFare,originalRate_perNight_baseFare,originalRate_perNight_fees,originalRate_perNight_taxes,originalRate_perNight_totalFare
2023-03-27 11:15:55.436196,Badung,27-03-2023,28-03-2023,1,9000001049559,Taman Dharmawangsa Suites,Taman Dharmawangsa Suites,Vila,"Nusa Dua, Badung",0.0,9.2,"['WIFI_PUBLIC_AREA', 'BAR', 'NIGHTCLUB']",12,Luar Biasa,-8.8172152,115.1918345,1572873,,"Bayar saat Check-in, Sewa mobil, Dapur kecil, Pusat kebugaran, Pusat kebugaran, Bar",hotel/indonesia/taman-dharmawangsa-suites-9000001049559,1309091,263782,0,1572873,1309091,263782.0,0.0,1572873,2975207,263782,0,3238989,2975207,263782.0,0.0,3238989
2023-03-27 11:15:55.437227,Badung,27-03-2023,28-03-2023,1,338572,POP! Hotel Kuta Beach,POP! Hotel Kuta Beach,Hotel,"Kuta, Badung",2.0,8.1,['WIFI_PUBLIC_AREA'],6415,Nyaman,-8.711975,115.169688,207431,,,hotel/indonesia/pop-hotel-kuta-beach-338572,173554,33877,0,207431,173554,33877.0,0.0,207431,247934,33877,0,281811,247934,33877.0,0.0,281811
2023-03-27 11:15:55.437227,Badung,27-03-2023,28-03-2023,1,9000001071572,Horison Le Aman,Horison Le Aman,Hotel,"Jimbaran, Badung",0.0,8.4,['WIFI_PUBLIC_AREA'],38,Mengesankan,-8.7622983,115.1785923,269680,,,hotel/indonesia/horison-le-aman--9000001071572,222877,0,46803,269680,222877,0.0,46803.0,269680,284281,0,59699,343980,284281,0.0,59699.0,343980
2023-03-27 11:15:55.437227,Badung,27-03-2023,28-03-2023,1,461589,Amaris Hotel Pratama Nusa Dua,Amaris Hotel Pratama Nusa Dua,Hotel,"Nusa Dua, Badung",2.0,8.0,"['WIFI_PUBLIC_AREA', 'CARPARK']",1229,Nyaman,-8.7961493,115.22453960000007,360000,,"Sewa mobil, Handuk pantai, Check-out ekspress",hotel/indonesia/amaris-hotel-pratama-nusa-dua-461589,297521,0,62479,360000,297521,0.0,62479.0,360000,371901,0,78099,450000,371901,0.0,78099.0,450000
2023-03-27 11:15:55.437227,Badung,27-03-2023,28-03-2023,1,1000000514793,Hotel Amaris Kuta - Bali,Hotel Amaris Kuta - Bali,Hotel,"Legian, Badung",2.0,8.4,"['WIFI_PUBLIC_AREA', 'CARPARK']",2510,Mengesankan,-8.711706,115.171117,248621,,,hotel/indonesia/hotel-amaris-kuta---bali-1000000514793,206906,41715,0,248621,206906,41715.0,0.0,248621,270542,41715,0,312257,270542,41715.0,0.0,312257
2023-03-27 11:15:55.437227,Badung,27-03-2023,28-03-2023,1,569104,Amaris Hotel Sunset Road,Amaris Hotel Sunset Road,Hotel,"Kuta, Badung",2.0,8.1,"['WIFI_PUBLIC_AREA', 'CARPARK']",1315,Nyaman,-8.710239,115.185594,245889,,"Bilyar, Penitipan sepeda, Sewa mobil, Aksesibel bagi penyandang disabilitas",hotel/indonesia/amaris-hotel-sunset-road-569104,204632,41257,0,245889,204632,41257.0,0.0,245889,229425,41257,0,270682,229425,41257.0,0.0,270682
2023-03-27 11:15:55.437227,Badung,27-03-2023,28-03-2023,1,9000001071481,Super OYO Townhouse Oak Maxi Hotel Legian,Super OYO Townhouse Oak Maxi Hotel Legian,Hotel,"Legian, Badung",0.0,7.9,"['WIFI_PUBLIC_AREA', 'CARPARK']",18,Nyaman,-8.7182544,115.1745775,172641,,"Bayar saat Check-in, Easy Reschedule tersedia, Check-out ekspress",hotel/indonesia/super-oyo-townhouse-oak-maxi-hotel-legian-9000001071481,142678,0,29963,172641,142678,0.0,29963.0,172641,264709,0,55589,320298,264709,0.0,55589.0,320298
2023-03-27 11:15:55.437227,Badung,27-03-2023,28-03-2023,1,623403,Amaris Hotel Dewi Sri,Amaris Hotel Dewi Sri,Hotel,"Legian, Badung",2.0,7.9,"['WIFI_PUBLIC_AREA', 'CARPARK']",973,Nyaman,-8.706332,115.17772,247703,,,hotel/indonesia/amaris-hotel-dewi-sri-623403,206141,41562,0,247703,206141,41562.0,0.0,247703,311926,41562,0,353488,311926,41562.0,0.0,353488
2023-03-27 11:15:55.437227,Badung,27-03-2023,28-03-2023,1,3000010040111,Sulis Beach Hotel and Spa,Sulis Beach Hotel and Spa,Hotel,"Kuta, Badung",2.0,8.9,"['WIFI_PUBLIC_AREA', 'CARPARK', 'BAR']",457,Mengesankan,-8.736326080446068,115.16369748089346,720000,,"Winery, Bersepeda atau bersepeda gunung, Pengering pakaian, Teras rooftop, Aksesibel bagi penyandang disabilitas, Bar",hotel/indonesia/sulis-beach-hotel-and-spa-3000010040111,595041,0,124959,720000,595041,0.0,124959.0,720000,793388,0,166612,960000,793388,0.0,166612.0,960000
2023-03-27 11:15:55.437227,Badung,27-03-2023,28-03-2023,1,3000010006871,My Home @ Bali by Conary,My Home @ Bali,Hotel,"Kuta, Badung",2.0,8.5,"['WIFI_PUBLIC_AREA', 'CARPARK']",96,Mengesankan,-8.733205,115.172067,238140,,Teras rooftop,hotel/indonesia/my-home--bali-by-conary-3000010006871,196809,0,41331,238140,196809,0.0,41331.0,238140,200826,0,42174,243000,200826,0.0,42174.0,243000
2023-03-27 11:15:55.437227,Badung,27-03-2023,28-03-2023,1,3000010000348,The Kubu Hotel,The Kubu Hotel,Hotel,"Poppies, Badung",2.0,8.0,"['WIFI_PUBLIC_AREA', 'CARPARK']",1717,Nyaman,-8.718978044236412,115.17335752513122,145530,,"Bayar saat Check-in, Penitipan sepeda, Penyewaan sepeda, Layanan pijat, Spa",hotel/indonesia/the-kubu-hotel-3000010000348,120272,0,25258,145530,120272,0.0,25258.0,145530,223140,0,46860,270000,223140,0.0,46860.0,270000
2023-03-27 11:15:55.437227,Badung,27-03-2023,28-03-2023,1,9000001063929,Fenosa Seminyak Villas by Nagisa Bali,Fenosa Seminyak Villas by Nagisa Bali,Vila,"Seminyak, Badung",0.0,,"['WIFI_PUBLIC_AREA', 'CARPARK']",1,,-8.6860536,115.174345,3730860,,Dapur kecil,hotel/indonesia/fenosa-seminyak-villas-by-nagisa-bali-9000001063929,3083355,0,647505,3730860,3083355,0.0,647505.0,3730860,6991736,0,1468264,8460000,6991736,0.0,1468264.0,8460000
2023-03-27 11:15:55.437227,Badung,27-03-2023,28-03-2023,1,344526,Coco De Heaven,Coco De Heaven,Hotel,"Jimbaran, Badung",2.0,8.1,"['WIFI_PUBLIC_AREA', 'BAR']",3015,Nyaman,-8.76038287992111,115.179070830345,198450,,"Sewa mobil, Bar",hotel/indonesia/coco-de-heaven-344526,164008,0,34442,198450,164008,0.0,34442.0,198450,371901,0,78099,450000,371901,0.0,78099.0,450000
2023-03-27 11:15:55.437227,Badung,27-03-2023,28-03-2023,1,9000001107924,PassGo Digital Airport Hotel Bali,PassGo Digital Airport Hotel Bali,Hotel Kapsul,"Tuban, Badung",0.0,8.9,['CARPARK'],25,Mengesankan,-8.744350599999999,115.1665603,300000,,,hotel/indonesia/passgo-digital-airport-hotel-bali-9000001107924,247934,0,52066,300000,247934,0.0,52066.0,300000,330579,0,69421,400000,330579,0.0,69421.0,400000
2023-03-27 11:15:55.437227,Badung,27-03-2023,28-03-2023,1,3000010003809,OYO 3904 Kiki Residence Bali,OYO 3904 Kiki Residence Bali,Hotel,"Legian, Badung",2.0,8.4,"['WIFI_PUBLIC_AREA', 'CARPARK']",1894,Mengesankan,-8.69843,115.17993,201719,,"Bayar saat Check-in, Check-out ekspress",hotel/indonesia/oyo-3904-kiki-residence-bali-3000010003809,166710,0,35009,201719,166710,0.0,35009.0,201719,218093,0,45799,263892,218093,0.0,45799.0,263892
2023-03-27 11:15:55.437227,Badung,27-03-2023,28-03-2023,1,3000020016814,Kak Garden Inn,Kak Garden Inn,Guest House,"Kuta, Badung",1.0,8.7,"['WIFI_PUBLIC_AREA', 'CARPARK']",215,Mengesankan,-8.734916528768325,115.17044767696405,199985,,Sewa mobil,hotel/indonesia/kak-garden-inn-3000020016814,163788,0,36197,199985,163788,0.0,36197.0,199985,264174,0,58383,322557,264174,0.0,58383.0,322557
2023-03-27 11:15:55.437227,Badung,27-03-2023,28-03-2023,1,3000010027745,AB Kuta Hotel,AB Kuta Hotel,Hotel,"Kuta, Badung",2.0,8.7,['WIFI_PUBLIC_AREA'],260,Mengesankan,-8.723796400000001,115.17522770000005,283824,,Bayar saat Check-in,hotel/indonesia/ab-kuta-hotel--3000010027745,234565,0,49259,283824,234565,0.0,49259.0,283824,520331,0,109269,629600,520331,0.0,109269.0,629600
2023-03-27 11:15:55.437227,Badung,27-03-2023,28-03-2023,1,3000010005107,Segara Sadhu Inn Kuta,Segara Sadhu Inn Kuta,Guest House,"Poppies, Badung",1.0,8.0,"['WIFI_PUBLIC_AREA', 'CARPARK']",249,Nyaman,-8.7181433,115.1708151,115812,,"Aktivitas outdoor, Penitipan sepeda, Sewa mobil, Layanan pijat, Check-out ekspress, Area piknik",hotel/indonesia/segara-sadhu-inn-kuta-3000010005107,96077,19735,0,115812,96077,19735.0,0.0,115812,245829,19735,0,265564,245829,19735.0,0.0,265564
2023-03-27 11:15:55.437227,Badung,27-03-2023,28-03-2023,1,9000000925965,Boutique Residence Kuta managed by The Sun Boutique Hotel,Boutique Residence Kuta managed by The Sun Boutique Hotel,Hotel,"Kuta, Badung",2.0,8.3,['WIFI_PUBLIC_AREA'],178,Mengesankan,-8.709119,115.18753,230000,,,hotel/indonesia/boutique-residence-kuta-managed-by-the-sun-boutique-hotel-9000000925965,190083,0,39917,230000,190083,0.0,39917.0,230000,380165,0,79835,460000,380165,0.0,79835.0,460000
2023-03-27 11:15:55.437227,Badung,27-03-2023,28-03-2023,1,9000000972507,Pondok Dukuh Jati,Pondok Dukuh Jati,Guest House,"Kuta, Badung",2.0,8.5,['CARPARK'],101,Mengesankan,-8.7349491,115.1738532,165000,,,hotel/indonesia/pondok-dukuh-jati-9000000972507,136364,0,28636,165000,136364,0.0,28636.0,165000,181819,0,38181,220000,181819,0.0,38181.0,220000
2023-03-27 11:15:55.437227,Badung,27-03-2023,28-03-2023,1,9000001042388,The New Villa Suar,The New Villa Suar,Vila,"Seminyak, Badung",0.0,,['WIFI_PUBLIC_AREA'],,,-8.6814521,115.1586118,4400000,,"Tanda khusus bagi tuna netra, Ruang santai, Pengering pakaian, Dapur kecil, Fasilitas bisnis, Check-out ekspress",hotel/indonesia/the-new-villa-suar-9000001042388,3636364,0,763636,4400000,3636364,0.0,763636.0,4400000,4848485,0,1018182,5866667,4848485,0.0,1018182.0,5866667
2023-03-27 11:15:55.437227,Badung,27-03-2023,28-03-2023,1,9000000987070,Puri Keraton Seminyak Villa,Puri Keraton Seminyak Villa,Vila,"Seminyak, Badung",0.0,,['WIFI_PUBLIC_AREA'],2,,-8.6847581,115.1666593,2419106,,Dapur kecil,hotel/indonesia/puri-keraton-seminyak-villa-9000000987070,1999261,0,419845,2419106,1999261,0.0,419845.0,2419106,3849174,0,808326,4657500,3849174,0.0,808326.0,4657500
2023-03-27 11:15:55.437227,Badung,27-03-2023,28-03-2023,1,552044,Samudra Boutique Hotel and Villa,Samudra Boutique Hotel and Villa,Hotel,"Kuta, Badung",2.0,8.0,"['WIFI_PUBLIC_AREA', 'CARPARK']",1680,Nyaman,-8.70437948,115.17954733,133770,,Sewa mobil,hotel/indonesia/samudra-boutique-hotel-and-villa-552044,110554,0,23216,133770,110554,0.0,23216.0,133770,161157,0,33843,195000,161157,0.0,33843.0,195000
2023-03-27 11:15:55.437227,Badung,27-03-2023,28-03-2023,1,9000000987153,Arunika Hotel And Spa,Arunika Hotel And Spa,Hotel,"Tuban, Badung",0.0,8.6,"['WIFI_PUBLIC_AREA', 'BAR']",41,Mengesankan,-8.743102799999999,115.1788048,436590,,"Restoran show cooking, Pusat kebugaran, Fasilitas bisnis, Aksesibel bagi penyandang disabilitas, Pusat kebugaran, Bar",hotel/indonesia/arunika-hotel-and-spa-9000000987153,360818,0,75772,436590,360818,0.0,75772.0,436590,368182,0,77318,445500,368182,0.0,77318.0,445500
2023-03-27 11:15:55.437227,Badung,27-03-2023,28-03-2023,1,9000000971043,Kuta Majesty Hotel,Kuta Majesty Hotel,Hotel,"Kuta, Badung",0.0,8.4,['WIFI_PUBLIC_AREA'],5533,Mengesankan,-8.7195801,115.1802429,273616,,"Bayar saat Check-in, Aksesibel bagi penyandang disabilitas",hotel/indonesia/kuta-majesty-hotel-9000000971043,226129,0,47487,273616,226129,0.0,47487.0,273616,288430,0,60570,349000,288430,0.0,60570.0,349000
2023-03-27 11:15:55.437227,Badung,27-03-2023,28-03-2023,1,3000010000898,Micasa Residence,Micasa Residence,Apartemen,"Seminyak, Badung",2.0,8.7,"['WIFI_PUBLIC_AREA', 'CARPARK']",340,Mengesankan,-8.6761445,115.1669679,373890,,"Bayar saat Check-in, Penyewaan sepeda, Layanan pijat, Spa",hotel/indonesia/micasa-residence-3000010000898,309000,0,64890,373890,309000,0.0,64890.0,373890,315306,0,66214,381520,315306,0.0,66214.0,381520
2023-03-27 11:15:55.437227,Badung,27-03-2023,28-03-2023,1,9000000134549,Easton Kuta,Easton Kuta,Homestay,"Tuban, Badung",0.0,7.9,['WIFI_PUBLIC_AREA'],181,Nyaman,-8.739526,115.16757099999995,102900,,"Bayar saat Check-in, Transportasi ke kapal pesiar, Penyewaan sepeda, Sewa mobil, Aksesibel bagi penyandang disabilitas",hotel/indonesia/easton-kuta--9000000134549,85041,0,17859,102900,85041,0.0,17859.0,102900,216942,0,45558,262500,216942,0.0,45558.0,262500
2023-03-27 11:15:55.437227,Badung,27-03-2023,28-03-2023,1,3000010043257,Batukaru Garden 5 Bali Sevilla Residence,Batukaru Garden 5 Bali Sevilla Residence,Hotel,"Canggu, Badung",2.0,8.8,['WIFI_PUBLIC_AREA'],108,Mengesankan,-8.612597,115.147378,225000,,,hotel/indonesia/batukaru-garden-5-bali-sevilla-residence-3000010043257,185950,0,39050,225000,185950,0.0,39050.0,225000,247933,0,52067,300000,247933,0.0,52067.0,300000
2023-03-27 11:15:55.437227,Badung,27-03-2023,28-03-2023,1,3000010025873,Deva Bali Apartement,Deva Bali Apartement,Apartemen,"Kerobokan, Badung",2.0,8.6,"['WIFI_PUBLIC_AREA', 'CARPARK']",1346,Mengesankan,-8.6570285,115.16133960000002,225250,,"Bayar saat Check-in, Penyewaan sepeda, Sewa mobil, Dapur kecil",hotel/indonesia/deva-bali-apartement-3000010025873,186157,0,39093,225250,186157,0.0,39093.0,225250,219008,0,45992,265000,219008,0.0,45992.0,265000
2023-03-27 11:15:55.437227,Badung,27-03-2023,28-03-2023,1,9000000751909,The Jero 18 Kuta Guest House,The Jero 18 Kuta Guest House,Guest House,"Kuta, Badung",0.0,8.8,['CARPARK'],58,Mengesankan,-8.7221551,115.17754279999997,325000,,Antar-jemput bandara,hotel/indonesia/the-jero-18-kuta-guest-house-9000000751909,268595,0,56405,325000,268595,0.0,56405.0,325000,537190,0,112810,650000,537190,0.0,112810.0,650000
2023-03-27 11:15:55.437227,Badung,27-03-2023,28-03-2023,1,3000020017987,BRAW inn Canggu,BRAW inn Canggu,Guest House,"Canggu, Badung",2.0,8.5,['WIFI_PUBLIC_AREA'],109,Mengesankan,-8.658751034099941,115.14022828600764,291060,,"Penyewaan sepeda, Sewa mobil, Layanan pijat, Check-out ekspress",hotel/indonesia/braw-inn-canggu-3000020017987,240546,0,50514,291060,240546,0.0,50514.0,291060,613636,0,128864,742500,613636,0.0,128864.0,742500
2023-03-27 11:15:55.437227,Badung,27-03-2023,28-03-2023,1,262569,Matahari House,Matahari House,Guest House,"Kuta, Badung",2.0,8.2,['WIFI_PUBLIC_AREA'],2419,Nyaman,-8.723572,115.173316,185926,,"Penyewaan sepeda, Sewa mobil, Check-out ekspress",hotel/indonesia/matahari-house-262569,153657,0,32269,185926,153657,0.0,32269.0,185926,461157,0,96843,558000,461157,0.0,96843.0,558000
2023-03-27 11:15:55.437227,Badung,27-03-2023,28-03-2023,1,284974,Asoka City Bali,Asoka City Bali,Hotel,"Kuta, Badung",2.0,8.0,"['WIFI_PUBLIC_AREA', 'CARPARK']",1079,Nyaman,-8.734849,115.16873,247622,,"Bayar saat Check-in, Layanan pijat",hotel/indonesia/asoka-city-bali-284974,204646,0,42976,247622,204646,0.0,42976.0,247622,208822,0,43853,252675,208822,0.0,43853.0,252675
2023-03-27 11:15:55.437227,Badung,27-03-2023,28-03-2023,1,9000000484608,Luxury Villa Juno Seminyak,Luxury Villa Juno Seminyak,Vila,"Seminyak, Badung",0.0,,['CARPARK'],2,,-8.680050171244043,115.16060164788519,3439800,,"Bayar saat Check-in, Dapur kecil",hotel/indonesia/luxury-villa-juno-seminyak-9000000484608,2842809,0,596991,3439800,2842809,0.0,596991.0,3439800,2900826,0,609174,3510000,2900826,0.0,609174.0,3510000
2023-03-27 11:15:55.437227,Badung,27-03-2023,28-03-2023,1,3000020012921,Dhyana Pura City Hotel,Dhyana Pura City Hotel,Hotel,"Mengwi, Badung",2.0,8.3,"['WIFI_PUBLIC_AREA', 'CARPARK', 'BAR']",228,Mengesankan,-8.5737556,115.17934579999996,179928,,"Bayar saat Check-in, Ruang santai, Layanan pijat, Teras rooftop, Bar di kolam renang, Bar",hotel/indonesia/dhyana-pura-city-hotel--3000020012921,148701,0,31227,179928,148701,0.0,31227.0,179928,297521,0,62479,360000,297521,0.0,62479.0,360000
2023-03-27 11:15:55.437227,Badung,27-03-2023,28-03-2023,1,3000010001096,Puri Bunga Inn,Puri Bunga Inn,Hotel,"Tuban, Badung",2.0,8.2,"['WIFI_PUBLIC_AREA', 'CARPARK']",304,Nyaman,-8.740725,115.172529,171990,,Bayar saat Check-in,hotel/indonesia/puri-bunga-inn-3000010001096,142140,0,29850,171990,142140,0.0,29850.0,171990,145041,0,30459,175500,145041,0.0,30459.0,175500
2023-03-27 11:15:55.437227,Badung,27-03-2023,28-03-2023,1,9000001086082,Airship Bali by Alex Villas,Airship Bali by Alex Villas,Vila,"Pecatu, Badung",0.0,,['WIFI_PUBLIC_AREA'],1,,-8.8399108,115.1409167,5324855,,"Dapur kecil, Antar-jemput bandara",hotel/indonesia/airship-bali-by-alex-villas-9000001086082,4400707,0,924148,5324855,4400707,0.0,924148.0,5324855,5987355,0,1257345,7244700,5987355,0.0,1257345.0,7244700
2023-03-27 11:15:55.437227,Badung,27-03-2023,28-03-2023,1,9000000969344,Beachwalk Residence,Beachwalk Residence,Apartemen,"Kuta, Badung",0.0,8.5,"['WIFI_PUBLIC_AREA', 'CARPARK']",17,Mengesankan,-8.7171034,115.1693559,2700000,,"Dapur kecil, Pusat kebugaran, Pusat kebugaran",hotel/indonesia/beachwalk-residence-9000000969344,2231405,0,468595,2700000,2231405,0.0,468595.0,2700000,2975207,0,624793,3600000,2975207,0.0,624793.0,3600000
2023-03-27 11:15:55.437227,Badung,27-03-2023,28-03-2023,1,502059,Kuta Sari House,Kuta Sari House,Guest House,"Kuta, Badung",2.0,8.2,['WIFI_PUBLIC_AREA'],1196,Nyaman,-8.723335,115.175443,186592,,"Penyewaan sepeda, Sewa mobil, Check-out ekspress",hotel/indonesia/kuta-sari-house-502059,154208,0,32384,186592,154208,0.0,32384.0,186592,462810,0,97190,560000,462810,0.0,97190.0,560000
2023-03-27 11:15:55.437227,Badung,27-03-2023,28-03-2023,1,3000010003186,Duo Legian Hotel,Duo Legian Hotel,Hotel,"Legian, Badung",2.0,8.6,['WIFI_PUBLIC_AREA'],3983,Mengesankan,-8.709191,115.172898,241570,,"Bayar saat Check-in, Penitipan anak, Layanan pijat, Antar-jemput bandara",hotel/indonesia/duo-legian-hotel-3000010003186,199645,0,41925,241570,199645,0.0,41925.0,241570,203719,0,42781,246500,203719,0.0,42781.0,246500
2023-03-27 11:15:55.437227,Badung,27-03-2023,28-03-2023,1,2000000155703,Puri Dibia Hotel,Puri Dibia Hotel,Hotel,"Kuta, Badung",2.0,8.4,"['WIFI_PUBLIC_AREA', 'CARPARK']",304,Mengesankan,-8.72636474384628,115.176917016506,182476,,"Bayar saat Check-in, Penyewaan sepeda, Sewa mobil, Layanan pijat",hotel/indonesia/puri-dibia-hotel-2000000155703,150806,0,31670,182476,150806,0.0,31670.0,182476,219835,0,46165,266000,219835,0.0,46165.0,266000
2023-03-27 11:15:55.437227,Badung,27-03-2023,28-03-2023,1,9000000969122,North Wing Canggu Resort,North Wing Canggu Resort,Resor,"Canggu, Badung",0.0,8.9,"['WIFI_PUBLIC_AREA', 'CARPARK', 'BAR']",8,Mengesankan,-8.6164686,115.1589526,248701,,"Restoran show cooking, Ruang santai, Winery, Pengering pakaian, Aksesibel bagi penyandang disabilitas, Bar",hotel/indonesia/north-wing-canggu-resort-9000000969122,207134,41567,0,248701,207134,41567.0,0.0,248701,485316,41567,0,526883,485316,41567.0,0.0,526883
2023-03-27 11:15:55.437227,Badung,27-03-2023,28-03-2023,1,9000001072889,Capital O 91688 Bhumiloka,Capital O 91688 Bhumiloka,Hotel,"Canggu, Badung",2.0,7.1,"['WIFI_PUBLIC_AREA', 'CARPARK']",8,Nyaman,-8.6258077,115.1635061,210060,,"Bayar saat Check-in, Easy Reschedule tersedia, Check-out ekspress",hotel/indonesia/capital-o-91688-bhumiloka-9000001072889,173603,0,36457,210060,173603,0.0,36457.0,210060,227111,0,47693,274804,227111,0.0,47693.0,274804
2023-03-27 11:15:55.437227,Badung,27-03-2023,28-03-2023,1,3000010001334,Pondok DenAyu Homestay,Pondok DenAyu Homestay,Guest House,"Kuta, Badung",1.0,8.5,"['WIFI_PUBLIC_AREA', 'CARPARK']",781,Mengesankan,-8.731168,115.170011,209999,,Bayar saat Check-in,hotel/indonesia/pondok-denayu-homestay-3000010001334,173553,0,36446,209999,173553,0.0,36446.0,209999,180579,0,37921,218500,180579,0.0,37921.0,218500
2023-03-27 11:15:55.437227,Badung,27-03-2023,28-03-2023,1,3000010001162,Angkul Angkul Beach Inn Kuta,Angkul Angkul Beach Inn Kuta,Hotel,"Kuta, Badung",2.0,8.5,"['WIFI_PUBLIC_AREA', 'CARPARK']",804,Mengesankan,-8.72372417890449,115.172595977783,218050,,"Bayar saat Check-in, Pengering pakaian, Kursi berjemur, Penyewaan sepeda, Sewa mobil, Check-out ekspress",hotel/indonesia/angkul-angkul-beach-inn-kuta-3000010001162,180206,0,37844,218050,180206,0.0,37844.0,218050,459711,0,96539,556250,459711,0.0,96539.0,556250
2023-03-27 11:15:55.437227,Badung,27-03-2023,28-03-2023,1,3000020014953,OYO 2367 Kenanga Residence,OYO 2367 Kenanga Residence,Homestay,"Nusa Dua, Badung",0.0,7.5,['WIFI_PUBLIC_AREA'],35,Nyaman,-8.82441726674215,115.21387308670751,92093,,,hotel/indonesia/oyo-2367-kenanga-residence-3000020014953,76110,0,15983,92093,76110,0.0,15983.0,92093,97577,0,20491,118068,97577,0.0,20491.0,118068
2023-03-27 11:15:55.437227,Badung,27-03-2023,28-03-2023,1,9000000711229,Wirton Seminyak Boutique Hotel,Wirton Seminyak Boutique Hotel,Hotel,"Seminyak, Badung",0.0,8.2,['WIFI_PUBLIC_AREA'],97,Nyaman,-8.6831813,115.17446999999993,344630,,,hotel/indonesia/wirton-seminyak-boutique-hotel-9000000711229,284818,0,59812,344630,284818,0.0,59812.0,344630,379757,0,79750,459507,379757,0.0,79750.0,459507
2023-03-27 11:15:55.437227,Badung,27-03-2023,28-03-2023,1,9000001071686,Amanlane Suite Seminyak by ARM Hospitality,Amanlane Suite Seminyak by ARM Hospitality,Apartemen,"Seminyak, Badung",0.0,8.5,['WIFI_PUBLIC_AREA'],6,Mengesankan,-8.6920065,115.1790735,303408,,Dapur kecil,hotel/indonesia/amanlane-suite-seminyak-by-arm-hospitality-9000001071686,250751,0,52657,303408,250751,0.0,52657.0,303408,319835,0,67165,387000,319835,0.0,67165.0,387000
2023-03-27 11:15:55.437227,Badung,27-03-2023,28-03-2023,1,9000000974636,Nivasa Nusa Dua,Nivasa Nusa Dua,Hotel,"Kutuh, Badung",0.0,8.9,"['WIFI_PUBLIC_AREA', 'CARPARK']",6,Mengesankan,-8.8202427,115.1889383,319002,,,hotel/indonesia/nivasa-nusa-dua--9000000974636,263638,0,55364,319002,263638,0.0,55364.0,319002,611405,0,128395,739800,611405,0.0,128395.0,739800
2023-03-27 11:15:55.437227,Badung,27-03-2023,28-03-2023,1,9000000928506,RakaAyu Kuta,RakaAyu Kuta,Hotel,"Kuta, Badung",2.0,8.8,"['WIFI_PUBLIC_AREA', 'CARPARK']",64,Mengesankan,-8.739280980974302,115.16621214450556,326340,,"Sewa mobil, Antar-jemput bandara, Kursi berjemur tepi kolam, Area piknik",hotel/indonesia/rakaayu-kuta-9000000928506,269703,0,56637,326340,269703,0.0,56637.0,326340,275207,0,57793,333000,275207,0.0,57793.0,333000
2023-03-27 11:15:55.437227,Badung,27-03-2023,28-03-2023,1,400588,Pondok Anyar Hotel,Pondok Anyar Hotel,Hotel,"Kuta, Badung",2.0,8.1,"['WIFI_PUBLIC_AREA', 'CARPARK']",830,Nyaman,-8.731174,115.170745,156996,,,hotel/indonesia/pondok-anyar-hotel-400588,129749,0,27247,156996,129749,0.0,27247.0,156996,330992,0,69508,400500,330992,0.0,69508.0,400500
2023-03-27 11:15:55.437227,Badung,27-03-2023,28-03-2023,1,196275,Samsara Inn,Samsara Inn,Hotel,"Legian, Badung",2.0,8.0,['WIFI_PUBLIC_AREA'],64,Nyaman,-8.721062,115.175532,416745,,"Bayar saat Check-in, Kursi berjemur tepi kolam, Spa",hotel/indonesia/samsara-inn-196275,344417,0,72328,416745,344417,0.0,72328.0,416745,390496,0,82004,472500,390496,0.0,82004.0,472500
2023-03-27 11:15:55.437227,Badung,27-03-2023,28-03-2023,1,3000010024060,Kuta Beach Stay,Kuta Beach Stay,Hotel,"Kuta, Badung",2.0,8.7,['WIFI_PUBLIC_AREA'],351,Mengesankan,-8.7370749,115.1660148,269280,,,hotel/indonesia/kuta-beach-stay-3000010024060,222545,0,46735,269280,222545,0.0,46735.0,269280,661157,0,138843,800000,661157,0.0,138843.0,800000
2023-03-27 11:15:55.437227,Badung,27-03-2023,28-03-2023,1,3000010002218,Chillin Kuta Homestay,Chillin Kuta Homestay,Guest House,"Tuban, Badung",1.0,8.3,['WIFI_PUBLIC_AREA'],136,Mengesankan,-8.74153172328843,115.168599486351,262059,,"Bayar saat Check-in, Penyewaan sepeda, Sewa mobil",hotel/indonesia/chillin-kuta-homestay-3000010002218,216578,0,45481,262059,216578,0.0,45481.0,262059,232629,0,48852,281481,232629,0.0,48852.0,281481
2023-03-27 11:15:55.437227,Badung,27-03-2023,28-03-2023,1,9000000928903,The Calna Villa Bali,The Calna Villa Bali,Vila,"Kuta, Badung",0.0,8.8,"['WIFI_PUBLIC_AREA', 'CARPARK']",27,Mengesankan,-8.721783098064384,115.17983368484512,2413637,,"Bayar saat Check-in, Easy Reschedule tersedia",hotel/indonesia/the-calna-villa-bali-9000000928903,1994741,0,418896,2413637,1994741,0.0,418896.0,2413637,2727273,0,0,2727273,2727273,0.0,0.0,2727273
2023-03-27 11:15:55.437227,Badung,27-03-2023,28-03-2023,1,3000020007718,The Capella Guest House,The Capella Guest House,Guest House,"Jimbaran, Badung",0.0,8.0,"['WIFI_PUBLIC_AREA', 'CARPARK']",216,Nyaman,-8.781137,115.17056809999997,200000,,"Dapur kecil, Antar-jemput bandara",hotel/indonesia/the-capella-guest-house-3000020007718,165289,0,34711,200000,165289,0.0,34711.0,200000,220385,0,46282,266667,220385,0.0,46282.0,266667
2023-03-27 11:15:55.437227,Badung,27-03-2023,28-03-2023,1,3000010014634,Budhi Kuta Beach Inn,Budhi Kuta Beach Inn,Hotel,"Kuta, Badung",2.0,7.6,"['WIFI_PUBLIC_AREA', 'CARPARK']",215,Nyaman,-8.72244233,115.17187379,119000,,"Bayar saat Check-in, Sewa mobil, Check-out ekspress",hotel/indonesia/budhi-kuta-beach-inn-3000010014634,98347,0,20653,119000,98347,0.0,20653.0,119000,140496,0,29504,170000,140496,0.0,29504.0,170000
2023-03-27 11:15:55.437227,Badung,27-03-2023,28-03-2023,1,9000001082823,Paasha Atelier Bali,Paasha Atelier Kuta,Hotel,"Kuta, Badung",0.0,,['WIFI_PUBLIC_AREA'],2,,-8.720365120010252,115.17991572618484,608399,,Aksesibel bagi penyandang disabilitas,hotel/indonesia/paasha-atelier-bali-9000001082823,506010,102389,0,608399,506010,102389.0,0.0,608399,563861,102389,0,666250,563861,102389.0,0.0,666250
2023-03-27 11:15:55.437227,Badung,27-03-2023,28-03-2023,1,3000010005804,Sri Kandi Inn,Sri Kandi Inn,Guest House,"Jimbaran, Badung",2.0,8.0,['WIFI_PUBLIC_AREA'],220,Nyaman,-8.761589,115.172222,204820,,Bayar saat Check-in,hotel/indonesia/sri-kandi-inn-3000010005804,169272,0,35548,204820,169272,0.0,35548.0,204820,314050,0,65950,380000,314050,0.0,65950.0,380000
2023-03-27 11:15:55.437227,Badung,27-03-2023,28-03-2023,1,9000001107685,Fairfield by Marriott Bali South Kuta,Fairfield by Marriott Bali South Kuta,Hotel,"Kuta, Badung",0.0,8.6,['BAR'],6,Mengesankan,-8.737314,115.166661,847000,,"Transportasi ke pantai, Kursi berjemur tepi kolam, Bar",hotel/indonesia/fairfield-by-marriott-bali-south-kuta-9000001107685,700000,147000,0,847000,700000,147000.0,0.0,847000,933333,196000,0,1129333,933333,196000.0,0.0,1129333
2023-03-27 11:15:55.437227,Badung,27-03-2023,28-03-2023,1,9000000736328,OYO 3118 Maxi Budget,OYO 3118 Maxi Budget,Hotel,"Legian, Badung",2.0,7.7,['WIFI_PUBLIC_AREA'],15,Nyaman,-8.718471690270379,115.17421739507176,205199,,"Bayar saat Check-in, Check-out ekspress",hotel/indonesia/oyo-3118-maxi-budget-9000000736328,169586,0,35613,205199,169586,0.0,35613.0,205199,217418,0,45658,263076,217418,0.0,45658.0,263076
2023-03-27 11:15:55.437227,Badung,27-03-2023,28-03-2023,1,9000001109937,Roomates Hostel Canggu by Ini Vie Hospitality,Roomates Hostel Canggu by Ini Vie Hospitality,Hostel,"Canggu, Badung",2.0,9.8,['WIFI_PUBLIC_AREA'],6,Luar Biasa,-8.6547911562929,115.13297840952873,209916,,,hotel/indonesia/roomates-hostel-canggu-by-ini-vie-hospitality-9000001109937,173485,0,36431,209916,173485,0.0,36431.0,209916,280992,0,59008,340000,280992,0.0,59008.0,340000
2023-03-27 11:15:55.437227,Badung,27-03-2023,28-03-2023,1,9000000801758,Kultur Umalas,Kultur Umalas,Hostel,"Umalas, Badung",0.0,8.9,['WIFI_PUBLIC_AREA'],42,Mengesankan,-8.659931311547204,115.15288720317994,95697,,"Antar-jemput bandara, Perpustakaan, Spa",hotel/indonesia/kultur-umalas-9000000801758,79088,0,16609,95697,79088,0.0,16609.0,95697,161405,0,33895,195300,161405,0.0,33895.0,195300
2023-03-27 11:15:55.437227,Badung,27-03-2023,28-03-2023,1,3000010009708,OYO 2411 Taman Mekar Beach Inn 2,OYO 2411 Taman Mekar Beach Inn 2,Guest House,"Legian, Badung",1.0,8.3,['WIFI_PUBLIC_AREA'],164,Mengesankan,-8.716799,115.173196,138361,,"Bayar saat Check-in, Check-out ekspress",hotel/indonesia/oyo-2411-taman-mekar-beach-inn-2-3000010009708,114348,0,24013,138361,114348,0.0,24013.0,138361,207905,0,43660,251565,207905,0.0,43660.0,251565
2023-03-27 11:15:55.437227,Badung,27-03-2023,28-03-2023,1,1000000615735,OYO 734 Tuban Torres Accomodation,OYO 734 Tuban Torres Accomodation,Hotel,"Tuban, Badung",2.0,8.3,"['WIFI_PUBLIC_AREA', 'CARPARK']",72,Mengesankan,-8.743669795851263,115.17299749049073,214623,,,hotel/indonesia/oyo-734-tuban-torres-accomodation-1000000615735,177374,0,37249,214623,177374,0.0,37249.0,214623,322499,0,67725,390224,322499,0.0,67725.0,390224
2023-03-27 11:15:55.437227,Badung,27-03-2023,28-03-2023,1,412753,Losari Hotel Sunset Road Bali,Losari Hotel Sunset Road Bali,Hotel,"Kuta, Badung",2.0,8.2,"['WIFI_PUBLIC_AREA', 'CARPARK']",1150,Nyaman,-8.709283,115.183735,272538,,,hotel/indonesia/losari-hotel-sunset-road-bali-412753,225238,0,47300,272538,225238,0.0,47300.0,272538,229835,0,48265,278100,229835,0.0,48265.0,278100
2023-03-27 11:15:55.437227,Badung,27-03-2023,28-03-2023,1,9000000495091,OYO 2184 Nan Berlian Inn,OYO 2184 Nan Berlian Inn,Hotel,"Legian, Badung",2.0,7.0,['WIFI_PUBLIC_AREA'],46,Baik,-8.714211287535937,115.17212925153785,128252,,"Bayar saat Check-in, Check-out ekspress",hotel/indonesia/oyo-2184-nan-berlian-inn-9000000495091,105993,0,22259,128252,105993,0.0,22259.0,128252,135888,0,28537,164425,135888,0.0,28537.0,164425
2023-03-27 11:15:55.437227,Badung,27-03-2023,28-03-2023,1,1000000440952,Tanjung Sari Inn,Tanjung Sari Inn,Hotel,"Tanjung Benoa, Badung",1.0,8.0,['WIFI_PUBLIC_AREA'],31,Nyaman,-8.78264992518451,115.224330425262,328588,,"Bayar saat Check-in, Layanan pijat, Antar-jemput bandara",hotel/indonesia/tanjung-sari-inn--1000000440952,271560,0,57028,328588,271560,0.0,57028.0,328588,277102,0,58192,335294,277102,0.0,58192.0,335294
2023-03-27 11:15:55.437227,Badung,27-03-2023,28-03-2023,1,9000000495181,Kelan-Tel Bali,Kelan-Tel Bali,Guest House,"Tuban, Badung",0.0,7.8,['WIFI_PUBLIC_AREA'],22,Nyaman,-8.751673214422262,115.17735975865958,327613,,"Penyewaan sepeda, Sewa mobil, Kursi berjemur tepi kolam, Check-out ekspress",hotel/indonesia/kelan-tel-bali-9000000495181,271796,55817,0,327613,271796,55817.0,0.0,327613,572622,55817,0,628439,572622,55817.0,0.0,628439
2023-03-27 11:15:55.437227,Badung,27-03-2023,28-03-2023,1,9000000174422,OYO 1200 Kencana Residence,OYO 1200 Kencana Residence,Homestay,"Jimbaran, Badung",2.0,8.3,['WIFI_PUBLIC_AREA'],75,Mengesankan,-8.7898632,115.18640270000003,203065,,Check-out ekspress,hotel/indonesia/oyo-1200-kencana-residence-9000000174422,167822,0,35243,203065,167822,0.0,35243.0,203065,215157,0,45183,260340,215157,0.0,45183.0,260340
2023-03-27 11:15:55.438223,Badung,27-03-2023,28-03-2023,1,9000000952519,Capital O 91851 Hotel Sanjaya,Capital O 91851 Hotel Sanjaya,Hotel,"Legian, Badung",0.0,6.2,"['WIFI_PUBLIC_AREA', 'CARPARK']",12,Baik,-8.717095,115.174735,119323,,"Bayar saat Check-in, Easy Reschedule tersedia",hotel/indonesia/capital-o-91851-hotel-sanjaya-9000000952519,98613,0,20710,119323,98613,0.0,20710.0,119323,129008,0,27092,156100,129008,0.0,27092.0,156100
2023-03-27 11:15:55.438223,Badung,27-03-2023,28-03-2023,1,9000001109987,Holistic stay,Holistic stay,Apartemen,"Jimbaran, Badung",0.0,,['WIFI_PUBLIC_AREA'],,,-8.7858171,115.1865294,190000,,"Teras rooftop, Check-out ekspress",hotel/indonesia/holistic-stay-9000001109987,157025,0,32975,190000,157025,0.0,32975.0,190000,209367,0,43966,253333,209367,0.0,43966.0,253333
2023-03-27 11:15:55.438223,Badung,27-03-2023,28-03-2023,1,3000020012699,Utari Residence Legian,Utari Residence Legian,Guest House,"Legian, Badung",0.0,8.7,['CARPARK'],55,Mengesankan,-8.699005099999999,115.17317130000004,220000,,,hotel/indonesia/utari-residence-legian-3000020012699,181818,0,38182,220000,181818,0.0,38182.0,220000,242424,0,50909,293333,242424,0.0,50909.0,293333
2023-03-27 11:15:55.438223,Badung,27-03-2023,28-03-2023,1,9000000134889,OYO Flagship 90966 Moreno Homestay,OYO Flagship 90966 Moreno Homestay,Guest House,"Legian, Badung",2.0,8.5,"['WIFI_PUBLIC_AREA', 'CARPARK']",15,Mengesankan,-8.709804426062634,115.172772727287,178949,,"Bayar saat Check-in, Check-out ekspress",hotel/indonesia/oyo-flagship-90966-moreno-homestay-9000000134889,147892,0,31057,178949,147892,0.0,31057.0,178949,193474,0,40630,234104,193474,0.0,40630.0,234104
2023-03-27 11:15:55.438223,Badung,27-03-2023,28-03-2023,1,3000010008990,Pesona Beach Inn Hotel,Pesona Beach Inn Hotel,Hotel,"Poppies, Badung",2.0,7.8,"['WIFI_PUBLIC_AREA', 'CARPARK']",734,Nyaman,-8.720652410553377,115.1717482728775,144305,,Bayar saat Check-in,hotel/indonesia/pesona-beach-inn-hotel-3000010008990,119260,0,25045,144305,119260,0.0,25045.0,144305,121694,0,25556,147250,121694,0.0,25556.0,147250
2023-03-27 11:15:55.438223,Badung,27-03-2023,28-03-2023,1,9000000972784,Larose Villas and Boutique Camp Canggu,Larose Villas and Boutique Camp Canggu,Vila,"Canggu, Badung",0.0,9.1,['WIFI_PUBLIC_AREA'],18,Luar Biasa,-8.654506219147382,115.13191506169258,3886789,,Check-out ekspress,hotel/indonesia/larose-villas-and-boutique-camp-canggu-9000000972784,3229118,657671,0,3886789,3229118,657671.0,0.0,3886789,4305491,876895,0,5182386,4305491,876895.0,0.0,5182386
2023-03-27 11:15:57.965559,Denpasar,27-03-2023,28-03-2023,1,1000000475771,POP! Hotel Denpasar - Bali,POP! Hotel Denpasar - Bali,Hotel,"Denpasar Utara, Denpasar",2.0,8.0,"['WIFI_PUBLIC_AREA', 'CARPARK']",2530,Nyaman,-8.64487335,115.2092546,289850,,,hotel/indonesia/pop-hotel-denpasar---bali-1000000475771,250952,0,38898,289850,250952,0.0,38898.0,289850,456277,0,70723,527000,456277,0.0,70723.0,527000
2023-03-27 11:15:57.965559,Denpasar,27-03-2023,28-03-2023,1,3000010001215,Amaris Teuku Umar Denpasar,Amaris Teuku Umar Denpasar,Hotel,"Denpasar Barat, Denpasar",2.0,8.2,['WIFI_PUBLIC_AREA'],2160,Nyaman,-8.680831,115.202983,340402,,Check-out ekspress,hotel/indonesia/amaris-teuku-umar-denpasar-3000010001215,283125,57277,0,340402,283125,57277.0,0.0,340402,377500,76369,0,453869,377500,76369.0,0.0,453869
2023-03-27 11:15:57.965559,Denpasar,27-03-2023,28-03-2023,1,3000010000706,Super OYO Collection O 499 Princess Keisha Hotel & Convention Center,Super OYO Collection O 499 Princess Keisha Hotel & Convention Center,Hotel,"Denpasar Barat, Denpasar",2.0,7.4,[],826,Nyaman,-8.679447,115.1860283,158177,,"Bayar saat Check-in, Check-out ekspress",hotel/indonesia/super-oyo-collection-o-499-princess-keisha-hotel--convention-center-3000010000706,130725,0,27452,158177,130725,0.0,27452.0,158177,167596,0,35195,202791,167596,0.0,35195.0,202791
2023-03-27 11:15:57.965559,Denpasar,27-03-2023,28-03-2023,1,3000010002857,Super OYO Flagship 2688 Guntur Hotel,Super OYO Flagship 2688 Guntur Hotel,Hotel,"Denpasar Timur, Denpasar",2.0,7.7,"['WIFI_PUBLIC_AREA', 'CARPARK']",340,Nyaman,-8.6350888,115.2500957,180231,,Bayar saat Check-in,hotel/indonesia/super-oyo-flagship-2688-guntur-hotel-3000010002857,148951,0,31280,180231,148951,0.0,31280.0,180231,270821,0,56872,327693,270821,0.0,56872.0,327693
2023-03-27 11:15:57.965559,Denpasar,27-03-2023,28-03-2023,1,3000020001923,Adelia Residence,Adelia Residence,Apartemen,"Denpasar Barat, Denpasar",2.0,8.0,['WIFI_PUBLIC_AREA'],802,Nyaman,-8.653263,115.201075,94348,,"Dapur kecil, Teras rooftop",hotel/indonesia/adelia-residence-3000020001923,77974,0,16374,94348,77974,0.0,16374.0,94348,91734,0,19264,110998,91734,0.0,19264.0,110998
2023-03-27 11:15:57.965559,Denpasar,27-03-2023,28-03-2023,1,3000010011232,The Royal Kimberley Suites,The Royal Kimberley Suites,Guest House,"Denpasar Barat, Denpasar",2.0,8.3,"['WIFI_PUBLIC_AREA', 'CARPARK']",443,Mengesankan,-8.683601,115.18011,279021,,"Layanan pijat, Spa",hotel/indonesia/the-royal-kimberley-suites-3000010011232,230596,0,48425,279021,230596,0.0,48425.0,279021,235302,0,49413,284715,235302,0.0,49413.0,284715
2023-03-27 11:15:57.965559,Denpasar,27-03-2023,28-03-2023,1,3000020018187,Cozy Residence Wedasari Bali,Cozy Residence Wedasari Bali,Guest House,"Denpasar Barat, Denpasar",0.0,7.9,['CARPARK'],331,Nyaman,-8.6330381,115.1859158,101200,,,hotel/indonesia/cozy-residence-wedasari-bali-3000020018187,83636,0,17564,101200,83636,0.0,17564.0,101200,167273,0,35127,202400,167273,0.0,35127.0,202400
2023-03-27 11:15:57.965559,Denpasar,27-03-2023,28-03-2023,1,3000010000708,Dee Mansion,Dee Mansion,Apartemen,"Denpasar Barat, Denpasar",2.0,8.1,"['WIFI_PUBLIC_AREA', 'CARPARK']",624,Nyaman,-8.67883703,115.19186229,339999,,"Bayar saat Check-in, Sewa mobil, Dapur kecil, Pusat kebugaran, Pusat kebugaran",hotel/indonesia/dee-mansion-3000010000708,278460,0,61539,339999,278460,0.0,61539.0,339999,432071,0,95488,527559,432071,0.0,95488.0,527559
2023-03-27 11:15:57.965559,Denpasar,27-03-2023,28-03-2023,1,3000010001006,Super OYO 3261 Hotel Ratu,Super OYO 3261 Hotel Ratu,Hotel,"Denpasar Barat, Denpasar",1.0,7.5,['WIFI_PUBLIC_AREA'],119,Nyaman,-8.667636935416956,115.21582338027656,122710,,"Bayar saat Check-in, Check-out ekspress",hotel/indonesia/super-oyo-3261-hotel-ratu-3000010001006,101413,0,21297,122710,101413,0.0,21297.0,122710,184388,0,38721,223109,184388,0.0,38721.0,223109
2023-03-27 11:15:57.965559,Denpasar,27-03-2023,28-03-2023,1,9000000925884,Super OYO 90291 Vin Stay Petanu,Super OYO 90291 Vin Stay Petanu,Homestay,"Denpasar Selatan, Denpasar",0.0,7.6,['WIFI_PUBLIC_AREA'],40,Nyaman,-8.693958786999156,115.22741092557632,195034,,Check-out ekspress,hotel/indonesia/super-oyo-90291-vin-stay-petanu-9000000925884,161185,0,33849,195034,161185,0.0,33849.0,195034,210864,0,44282,255146,210864,0.0,44282.0,255146
2023-03-27 11:15:57.965559,Denpasar,27-03-2023,28-03-2023,1,3000020013387,Jatianyar Residence,Jatianyar Residence,Guest House,"Denpasar Selatan, Denpasar",2.0,8.7,[],134,Mengesankan,-8.705637399999999,115.23429750000003,212500,,,hotel/indonesia/jatianyar-residence-3000020013387,175620,0,36880,212500,175620,0.0,36880.0,212500,234160,0,49173,283333,234160,0.0,49173.0,283333
2023-03-27 11:15:57.965559,Denpasar,27-03-2023,28-03-2023,1,3000010010208,Pondok Nyaman 15,Pondok Nyaman 15,Guest House,"Denpasar Barat, Denpasar",1.0,8.2,"['WIFI_PUBLIC_AREA', 'CARPARK']",219,Nyaman,-8.6786604,115.2116892,186200,,"Sewa mobil, Layanan pijat, Dapur kecil",hotel/indonesia/pondok-nyaman-15-3000010010208,153885,0,32315,186200,153885,0.0,32315.0,186200,157025,0,32975,190000,157025,0.0,32975.0,190000
2023-03-27 11:15:57.966555,Denpasar,27-03-2023,28-03-2023,1,9000000882970,Matahari Guest House,Matahari Guest House,Guest House,"Denpasar Barat, Denpasar",0.0,8.2,[],33,Nyaman,-8.684025,115.1963777,140000,,Bayar saat Check-in,hotel/indonesia/matahari-guest-house-9000000882970,115702,0,24298,140000,115702,0.0,24298.0,140000,165289,0,34711,200000,165289,0.0,34711.0,200000
2023-03-27 11:15:57.966555,Denpasar,27-03-2023,28-03-2023,1,9000000135198,OYO 2166 Elitya Stay,OYO 2166 Elitya Stay,Guest House,"Denpasar Selatan, Denpasar",2.0,8.6,['WIFI_PUBLIC_AREA'],216,Mengesankan,-8.6927766,115.23675879999996,210426,,"Bayar saat Check-in, Check-out ekspress",hotel/indonesia/oyo-2166-elitya-stay-9000000135198,173906,0,36520,210426,173906,0.0,36520.0,210426,316192,0,66400,382592,316192,0.0,66400.0,382592
2023-03-27 11:15:57.966555,Denpasar,27-03-2023,28-03-2023,1,9000000135166,Balitone Guest House,Balitone Guest House,Guest House,"Denpasar Barat, Denpasar",2.0,8.3,"['WIFI_PUBLIC_AREA', 'CARPARK']",107,Mengesankan,-8.6793343,115.18450580000001,234000,,Check-out ekspress,hotel/indonesia/balitone-guest-house-9000000135166,193388,0,40612,234000,193388,0.0,40612.0,234000,297521,0,62479,360000,297521,0.0,62479.0,360000
2023-03-27 11:15:57.966555,Denpasar,27-03-2023,28-03-2023,1,9000000745150,OYO 3018 Vin Stay,OYO 3018 Vin Stay,Homestay,"Denpasar Selatan, Denpasar",2.0,7.7,['WIFI_PUBLIC_AREA'],72,Nyaman,-8.693026449401065,115.23673343424991,190249,,"Bayar saat Check-in, Check-out ekspress",hotel/indonesia/oyo-3018-vin-stay-9000000745150,157231,0,33018,190249,157231,0.0,33018.0,190249,285874,0,60034,345908,285874,0.0,60034.0,345908
2023-03-27 11:15:57.966555,Denpasar,27-03-2023,28-03-2023,1,9000000973659,Bestah Coliving,Bestah Coliving,Apartemen,"Denpasar Selatan, Denpasar",0.0,9.2,"['WIFI_PUBLIC_AREA', 'CARPARK']",17,Luar Biasa,-8.678041575389576,115.23631185293198,497285,,"Bayar saat Check-in, Antar-jemput bandara",hotel/indonesia/bestah-coliving-9000000973659,410980,0,86305,497285,410980,0.0,86305.0,497285,676398,0,142044,818442,676398,0.0,142044.0,818442
2023-03-27 11:15:57.966555,Denpasar,27-03-2023,28-03-2023,1,3000010012405,Grand Asahan House,Grand Asahan House,Guest House,"Denpasar Barat, Denpasar",0.0,8.4,"['WIFI_PUBLIC_AREA', 'CARPARK']",229,Mengesankan,-8.685129,115.225422,181545,,Bayar saat Check-in,hotel/indonesia/grand-asahan-house-3000010012405,150037,0,31508,181545,150037,0.0,31508.0,181545,153099,0,32151,185250,153099,0.0,32151.0,185250
2023-03-27 11:15:57.966555,Denpasar,27-03-2023,28-03-2023,1,9000000458846,Ananta House,Ananta House,Vila,"Denpasar Barat, Denpasar",0.0,9.1,[],8,Luar Biasa,-8.69143750802916,115.23109494711298,1248667,,"Darts, Olah raga air, Restoran show cooking, Ruang santai, Area main anak, Ruangan game",hotel/indonesia/ananta-house-9000000458846,1031957,0,216710,1248667,1031957,0.0,216710.0,1248667,1053017,0,221133,1274150,1053017,0.0,221133.0,1274150
2023-03-27 11:15:57.966555,Denpasar,27-03-2023,28-03-2023,1,3000010002042,Adikara Renon,Adikara Renon,Guest House,"Denpasar Selatan, Denpasar",2.0,8.4,"['WIFI_PUBLIC_AREA', 'CARPARK']",364,Mengesankan,-8.674596,115.234064,252252,,"Bayar saat Check-in, Penyewaan sepeda, Sewa mobil",hotel/indonesia/adikara-renon-3000010002042,208472,0,43780,252252,208472,0.0,43780.0,252252,409091,0,85909,495000,409091,0.0,85909.0,495000
2023-03-27 11:15:57.966555,Denpasar,27-03-2023,28-03-2023,1,3000010004435,De Lemon Gatsu Hotel,De Lemon Gatsu Hotel,Hotel,"Denpasar Utara, Denpasar",1.0,8.2,"['WIFI_PUBLIC_AREA', 'CARPARK']",472,Nyaman,-8.63304418946236,115.219019651413,200000,,"Penyewaan sepeda, Sewa mobil",hotel/indonesia/de-lemon-gatsu-hotel-3000010004435,165289,0,34711,200000,165289,0.0,34711.0,200000,330579,0,69421,400000,330579,0.0,69421.0,400000
2023-03-27 11:15:57.966555,Denpasar,27-03-2023,28-03-2023,1,3000010002116,OYO 3244 Grand Chandra Hotel,OYO 3244 Grand Chandra Hotel,Hotel,"Denpasar Barat, Denpasar",1.0,7.0,['WIFI_PUBLIC_AREA'],144,Baik,-8.664021,115.215196,70000,,Bayar saat Check-in,hotel/indonesia/oyo-3244-grand-chandra-hotel-3000010002116,57851,0,12149,70000,57851,0.0,12149.0,70000,74168,0,15575,89743,74168,0.0,15575.0,89743
2023-03-27 11:15:57.966555,Denpasar,27-03-2023,28-03-2023,1,3000010023340,Seruni Guesthouse @Mahendradata,Seruni Guesthouse @Mahendradata,Guest House,"Denpasar Barat, Denpasar",0.0,8.6,"['WIFI_PUBLIC_AREA', 'CARPARK']",70,Mengesankan,-8.68310061,115.19139558,350000,,,hotel/indonesia/seruni-guesthouse-mahendradata-3000010023340,289256,0,60744,350000,289256,0.0,60744.0,350000,385675,0,80992,466667,385675,0.0,80992.0,466667
2023-03-27 11:15:57.966555,Denpasar,27-03-2023,28-03-2023,1,3000010001220,Grand Pondok Puri Ayu,Grand Pondok Puri Ayu,Guest House,"Denpasar Barat, Denpasar",1.0,7.9,"['WIFI_PUBLIC_AREA', 'CARPARK']",756,Nyaman,-8.670548,115.210848,257544,,,hotel/indonesia/grand-pondok-puri-ayu-3000010001220,212846,0,44698,257544,212846,0.0,44698.0,257544,297521,0,62479,360000,297521,0.0,62479.0,360000
2023-03-27 11:15:57.966555,Denpasar,27-03-2023,28-03-2023,1,9000000956871,The Bali Rama City Hotel,The Bali Rama City Hotel,Hotel,"Denpasar Selatan, Denpasar",0.0,7.5,"['WIFI_PUBLIC_AREA', 'CARPARK']",214,Nyaman,-8.659625199999999,115.2391564,183750,,"Bayar saat Check-in, Tanda khusus bagi tuna netra",hotel/indonesia/the-bali-rama-city-hotel-9000000956871,151860,0,31890,183750,151860,0.0,31890.0,183750,202479,0,42521,245000,202479,0.0,42521.0,245000
2023-03-27 11:15:57.966555,Denpasar,27-03-2023,28-03-2023,1,3000020000117,Griya Tunjung Sari,Griya Tunjung Sari,Guest House,"Denpasar Timur, Denpasar",2.0,8.9,"['WIFI_PUBLIC_AREA', 'CARPARK']",92,Mengesankan,-8.636000399999999,115.24802720000002,264600,,"Bayar saat Check-in, Sewa mobil, Antar-jemput bandara",hotel/indonesia/griya-tunjung-sari-3000020000117,218677,0,45923,264600,218677,0.0,45923.0,264600,223140,0,46860,270000,223140,0.0,46860.0,270000
2023-03-27 11:15:57.966555,Denpasar,27-03-2023,28-03-2023,1,9000000806577,OYO 3307 Ayudia Residence,OYO 3307 Ayudia Residence,Guest House,"Denpasar Utara, Denpasar",2.0,8.1,['WIFI_PUBLIC_AREA'],21,Nyaman,-8.620467247338366,115.21009785337293,132052,,"Bayar saat Check-in, Check-out ekspress",hotel/indonesia/oyo-3307-ayudia-residence-9000000806577,109134,0,22918,132052,109134,0.0,22918.0,132052,139915,0,29382,169297,139915,0.0,29382.0,169297
2023-03-27 11:15:57.966555,Denpasar,27-03-2023,28-03-2023,1,3000010040331,Valomia Guesthouse,Valomia Guesthouse,Guest House,"Denpasar Barat, Denpasar",0.0,7.8,['WIFI_PUBLIC_AREA'],50,Nyaman,-8.6661721,115.1818224,251370,,Antar-jemput bandara,hotel/indonesia/valomia-guesthouse-3000010040331,207743,0,43627,251370,207743,0.0,43627.0,251370,211983,0,44517,256500,211983,0.0,44517.0,256500
2023-03-27 11:15:57.966555,Denpasar,27-03-2023,28-03-2023,1,4000000384974,SPOT ON 2426 Hotel Aget Jaya Ii,SPOT ON 2426 Hotel Aget Jaya Ii,Hotel,"Denpasar Selatan, Denpasar",0.0,7.4,"['WIFI_PUBLIC_AREA', 'CARPARK']",97,Nyaman,-8.66363623245282,115.23573472022622,129374,,"Bayar saat Check-in, Check-out ekspress",hotel/indonesia/spot-on-2426-hotel-aget-jaya-ii-4000000384974,106921,0,22453,129374,106921,0.0,22453.0,129374,137078,0,28786,165864,137078,0.0,28786.0,165864
2023-03-27 11:15:57.966555,Denpasar,27-03-2023,28-03-2023,1,9000001107185,OYO 91870 Warna Kedaton,OYO 91870 Warna Kedaton,Homestay,"Denpasar Selatan, Denpasar",0.0,,"['WIFI_PUBLIC_AREA', 'CARPARK']",1,,-8.657647899999999,115.2290701,104706,,,hotel/indonesia/oyo-91870-warna-kedaton-9000001107185,86534,0,18172,104706,86534,0.0,18172.0,104706,160545,0,33715,194260,160545,0.0,33715.0,194260
2023-03-27 11:15:57.966555,Denpasar,27-03-2023,28-03-2023,1,9000001044008,Ganandra Stay Denpasar,Ganandra Stay Denpasar,Guest House,"Denpasar Timur, Denpasar",0.0,,"['WIFI_PUBLIC_AREA', 'CARPARK']",2,,-8.669767470657911,115.22601217031479,185220,,Dapur kecil,hotel/indonesia/ganandra-stay-denpasar-9000001044008,153074,0,32146,185220,153074,0.0,32146.0,185220,260331,0,54669,315000,260331,0.0,54669.0,315000
2023-03-27 11:15:57.966555,Denpasar,27-03-2023,28-03-2023,1,9000000320785,Kubu Land,Kubu Land,Guest House,"Denpasar Barat, Denpasar",0.0,8.5,"['WIFI_PUBLIC_AREA', 'CARPARK']",13,Mengesankan,-8.6880925,115.19118839999999,249250,,,hotel/indonesia/kubu-land-9000000320785,205992,0,43258,249250,205992,0.0,43258.0,249250,274656,0,57677,332333,274656,0.0,57677.0,332333
2023-03-27 11:15:57.966555,Denpasar,27-03-2023,28-03-2023,1,3000010002419,Hotel Mahajaya,Hotel Mahajaya,Hotel,"Denpasar Utara, Denpasar",1.0,7.7,['CARPARK'],333,Nyaman,-8.63757,115.207382,210898,,"Bayar saat Check-in, Sewa mobil",hotel/indonesia/hotel-mahajaya-3000010002419,174296,0,36602,210898,174296,0.0,36602.0,210898,296421,0,62249,358670,296421,0.0,62249.0,358670
2023-03-27 11:15:57.966555,Denpasar,27-03-2023,28-03-2023,1,9000000501819,The VinHill Studio Bali Apartment,The VinHill Studio Bali Apartment,Apartemen,"Denpasar Selatan, Denpasar",2.0,8.0,[],20,Nyaman,-8.6823818,115.23854729999994,350000,,,hotel/indonesia/the-vinhill-studio-bali-apartment-9000000501819,289256,0,60744,350000,289256,0.0,60744.0,350000,385675,0,80992,466667,385675,0.0,80992.0,466667
2023-03-27 11:15:57.966555,Denpasar,27-03-2023,28-03-2023,1,3000010006247,Link Costel,Link Costel,Guest House,"Denpasar Barat, Denpasar",0.0,8.1,"['WIFI_PUBLIC_AREA', 'CARPARK']",132,Nyaman,-8.680226,115.205936,229000,,"Sewa mobil, Teras rooftop",hotel/indonesia/link-costel-3000010006247,189256,0,39744,229000,189256,0.0,39744.0,229000,252341,0,52992,305333,252341,0.0,52992.0,305333
2023-03-27 11:15:57.966555,Denpasar,27-03-2023,28-03-2023,1,3000010005409,Di Uma Residence Hotel & Dormitory,Di Uma Residence Hotel & Dormitory,Hotel,"Denpasar Selatan, Denpasar",2.0,8.2,"['WIFI_PUBLIC_AREA', 'CARPARK']",164,Nyaman,-8.691559699999999,115.23592170000006,88200,,"Layanan pijat, Antar-jemput bandara, Check-out ekspress, Spa",hotel/indonesia/di-uma-residence-hotel--dormitory-3000010005409,72892,0,15308,88200,72892,0.0,15308.0,88200,74380,0,15620,90000,74380,0.0,15620.0,90000
2023-03-27 11:15:57.966555,Denpasar,27-03-2023,28-03-2023,1,187075,Nirmala Hotel Denpasar,Nirmala Hotel Denpasar,Hotel,"Denpasar Barat, Denpasar",2.0,7.4,"['WIFI_PUBLIC_AREA', 'CARPARK']",522,Nyaman,-8.659376,115.191278,555386,,,hotel/indonesia/nirmala-hotel-denpasar-187075,458997,0,96389,555386,458997,0.0,96389.0,555386,468364,0,98356,566720,468364,0.0,98356.0,566720
2023-03-27 11:15:57.966555,Denpasar,27-03-2023,28-03-2023,1,9000000984631,Ultimate Residence Bali,Ultimate Residence Bali,Hotel,"Denpasar Selatan, Denpasar",0.0,7.9,"['WIFI_PUBLIC_AREA', 'CARPARK']",6,Nyaman,-8.6949056,115.1943311,350149,,"Bayar saat Check-in, Sewa mobil, Antar-jemput bandara, Aksesibel bagi penyandang disabilitas",hotel/indonesia/ultimate-residence-bali-9000000984631,289379,0,60770,350149,289379,0.0,60770.0,350149,791736,0,166264,958000,791736,0.0,166264.0,958000
2023-03-27 11:15:57.966555,Denpasar,27-03-2023,28-03-2023,1,3000010039866,OYO 2280 Wisma Guntur II,OYO 2280 Wisma Guntur II,Homestay,"Denpasar Timur, Denpasar",2.0,8.2,['WIFI_PUBLIC_AREA'],121,Nyaman,-8.634770500000002,115.24865640000007,119221,,"Bayar saat Check-in, Easy Reschedule tersedia, Check-out ekspress",hotel/indonesia/oyo-2280-wisma-guntur-ii-3000010039866,98530,0,20691,119221,98530,0.0,20691.0,119221,179145,0,37620,216765,179145,0.0,37620.0,216765
2023-03-27 11:15:57.966555,Denpasar,27-03-2023,28-03-2023,1,9000000927865,OYO 90131 Liberty Guest House,OYO 90131 Liberty Guest House,Homestay,"Denpasar Utara, Denpasar",0.0,6.4,"['WIFI_PUBLIC_AREA', 'CARPARK']",13,Baik,-8.6148975,115.193801,129411,,Bayar saat Check-in,hotel/indonesia/oyo-90131-liberty-guest-house-9000000927865,106951,0,22460,129411,106951,0.0,22460.0,129411,139915,0,29382,169297,139915,0.0,29382.0,169297
2023-03-27 11:15:57.966555,Denpasar,27-03-2023,28-03-2023,1,3000010019865,Mutiara Kost - Imam Bonjol Denpasar,Mutiara Kost - Imam Bonjol Denpasar,Homestay,"Denpasar Barat, Denpasar",0.0,8.0,['CARPARK'],79,Nyaman,-8.70310804,115.18824399,119275,,,hotel/indonesia/mutiara-kost---imam-bonjol-denpasar--3000010019865,98574,0,20701,119275,98574,0.0,20701.0,119275,164290,0,34501,198791,164290,0.0,34501.0,198791
2023-03-27 11:15:57.966555,Denpasar,27-03-2023,28-03-2023,1,9000001071673,Kubu Alvian Guesthouse,Kubu Alvian Guesthouse,Guest House,"Denpasar Barat, Denpasar",0.0,,[],1,,-8.6817297,115.1837853,190000,,Bayar saat Check-in,hotel/indonesia/kubu-alvian-guesthouse-9000001071673,157025,0,32975,190000,157025,0.0,32975.0,190000,209367,0,43966,253333,209367,0.0,43966.0,253333
2023-03-27 11:15:57.966555,Denpasar,27-03-2023,28-03-2023,1,42905400000,Koi Hotel & Residence,Koi Hotel & Residence,Hotel,"Denpasar Barat, Denpasar",2.0,7.9,"['WIFI_PUBLIC_AREA', 'CARPARK']",268,Nyaman,-8.676554,115.191298,421687,,Check-out ekspress,hotel/indonesia/koi-hotel--residence-42905400000,348502,0,73185,421687,348502,0.0,73185.0,421687,355614,0,74679,430293,355614,0.0,74679.0,430293
2023-03-27 11:15:57.966555,Denpasar,27-03-2023,28-03-2023,1,9000000986016,OYO 91078 Mulia Agung Residence,OYO 91078 Mulia Agung Residence,Hotel,"Denpasar Barat, Denpasar",0.0,,['WIFI_PUBLIC_AREA'],2,,-8.704204983015911,115.1853359658808,94067,,"Bayar saat Check-in, Check-out ekspress",hotel/indonesia/oyo-91078-mulia-agung-residence-9000000986016,77741,0,16326,94067,77741,0.0,16326.0,94067,144232,0,30289,174521,144232,0.0,30289.0,174521
2023-03-27 11:15:57.966555,Denpasar,27-03-2023,28-03-2023,1,3000020014172,OYO 3775 Ketut Inn,OYO 3775 Ketut Inn,Guest House,"Denpasar Selatan, Denpasar",2.0,8.2,"['WIFI_PUBLIC_AREA', 'CARPARK']",153,Nyaman,-8.723070318199198,115.21385524791708,139743,,Bayar saat Check-in,hotel/indonesia/oyo-3775-ketut-inn-3000020014172,115490,0,24253,139743,115490,0.0,24253.0,139743,153987,0,32337,186324,153987,0.0,32337.0,186324
2023-03-27 11:15:57.966555,Denpasar,27-03-2023,28-03-2023,1,3000010007116,OYO 91610 Batukaru Garden Hotel,OYO 91610 Batukaru Garden Hotel,Hotel,"Denpasar Utara, Denpasar",1.0,7.1,"['WIFI_PUBLIC_AREA', 'CARPARK']",37,Nyaman,-8.631969046592578,115.20350848852866,89377,,"Bayar saat Check-in, Check-out ekspress",hotel/indonesia/oyo-91610-batukaru-garden-hotel-3000010007116,73866,0,15511,89377,73866,0.0,15511.0,89377,96631,0,20293,116924,96631,0.0,20293.0,116924
2023-03-27 11:15:57.967554,Denpasar,27-03-2023,28-03-2023,1,3000010001816,RedDoorz near Stadion Kompyang Sujana Bali,RedDoorz near Stadion Kompyang Sujana Bali,Hotel,"Denpasar Barat, Denpasar",1.0,7.3,"['WIFI_PUBLIC_AREA', 'CARPARK']",207,Nyaman,-8.639469,115.187609,162030,,"Bayar saat Check-in, Penyewaan sepeda, Sewa mobil",hotel/indonesia/reddoorz-near-stadion-kompyang-sujana-bali-3000010001816,133909,0,28121,162030,133909,0.0,28121.0,162030,189781,0,39854,229635,189781,0.0,39854.0,229635
2023-03-27 11:15:57.967554,Denpasar,27-03-2023,28-03-2023,1,9000000924912,Hotel Diana 2,Hotel Diana 2,Hotel,"Denpasar Utara, Denpasar",0.0,,"['WIFI_PUBLIC_AREA', 'CARPARK']",1,,-8.634319,115.199408,116374,,,hotel/indonesia/hotel-diana-2-9000000924912,95311,0,21063,116374,95311,0.0,21063.0,116374,156863,0,34667,191530,156863,0.0,34667.0,191530
2023-03-27 11:15:57.967554,Denpasar,27-03-2023,28-03-2023,1,3000010009519,Apartment Lotus Garden,Apartment Lotus Garden,Apartemen,"Denpasar Timur, Denpasar",0.0,8.4,"['WIFI_PUBLIC_AREA', 'CARPARK']",68,Mengesankan,-8.63200217,115.24086281,200000,,"Bayar saat Check-in, Layanan pijat, Dapur kecil, Teras rooftop",hotel/indonesia/apartment-lotus-garden-3000010009519,165289,0,34711,200000,165289,0.0,34711.0,200000,220385,0,46282,266667,220385,0.0,46282.0,266667
2023-03-27 11:15:57.967554,Denpasar,27-03-2023,28-03-2023,1,9000001042986,Olivia SOHO Guest House,Olivia SOHO Guest House,Guest House,"Denpasar Barat, Denpasar",2.0,8.0,"['WIFI_PUBLIC_AREA', 'CARPARK']",85,Nyaman,-8.6998772,115.1867823,215000,,"Bayar saat Check-in, Tanda khusus bagi tuna netra, Teras rooftop, Fasilitas bisnis",hotel/indonesia/olivia-soho-guest-house-9000001042986,177686,0,37314,215000,177686,0.0,37314.0,215000,206612,0,43388,250000,206612,0.0,43388.0,250000
2023-03-27 11:15:57.967554,Denpasar,27-03-2023,28-03-2023,1,9000000984984,OYO 90967 Soka Asri Guest House,OYO 90967 Soka Asri Guest House,Guest House,"Denpasar Timur, Denpasar",0.0,,"['WIFI_PUBLIC_AREA', 'CARPARK']",3,,-8.597776999999999,115.2380147,69628,,"Bayar saat Check-in, Easy Reschedule tersedia, Check-out ekspress",hotel/indonesia/oyo-90967-soka-asri-guest-house-9000000984984,57544,0,12084,69628,57544,0.0,12084.0,69628,75280,0,15809,91089,75280,0.0,15809.0,91089
2023-03-27 11:15:57.967554,Denpasar,27-03-2023,28-03-2023,1,3000010017411,Amrita Residence,Amrita Residence,Hotel,"Denpasar Timur, Denpasar",0.0,8.6,"['WIFI_PUBLIC_AREA', 'CARPARK']",10,Mengesankan,-8.66241053,115.2263249,208250,,"Bayar saat Check-in, Penyewaan sepeda",hotel/indonesia/amrita-residence-3000010017411,172108,0,36142,208250,172108,0.0,36142.0,208250,175620,0,36880,212500,175620,0.0,36880.0,212500
2023-03-27 11:15:57.967554,Denpasar,27-03-2023,28-03-2023,1,2000000358082,Hotel Puri Nusa Indah,Hotel Puri Nusa Indah,Hotel,"Denpasar Timur, Denpasar",0.0,8.1,"['WIFI_PUBLIC_AREA', 'CARPARK']",80,Nyaman,-8.65089982,115.25024325,356678,,,hotel/indonesia/hotel-puri-nusa-indah--2000000358082,292119,0,64559,356678,292119,0.0,64559.0,356678,480776,0,106252,587028,480776,0.0,106252.0,587028
2023-03-27 11:15:57.967554,Denpasar,27-03-2023,28-03-2023,1,3000010006222,Urbanview Hotel Wayan Mansion,Urbanview Hotel Wayan Mansion,Guest House,"Denpasar Selatan, Denpasar",1.0,8.5,"['WIFI_PUBLIC_AREA', 'CARPARK']",36,Mengesankan,-8.666279,115.235124,230043,,"Penyewaan sepeda, Sewa mobil",hotel/indonesia/urbanview-hotel-wayan-mansion-3000010006222,190118,0,39925,230043,190118,0.0,39925.0,230043,269442,0,56583,326025,269442,0.0,56583.0,326025
2023-03-27 11:15:57.967554,Denpasar,27-03-2023,28-03-2023,1,9000000337855,Hotel Warta Putra,Hotel Warta Putra,Hotel,"Denpasar Utara, Denpasar",2.5,7.1,[],8,Nyaman,-8.637147,115.203301,138466,,,hotel/indonesia/hotel-warta-putra-9000000337855,114885,23581,0,138466,114885,23581.0,0.0,138466,210860,23581,0,234441,210860,23581.0,0.0,234441
2023-03-27 11:15:57.967554,Denpasar,27-03-2023,28-03-2023,1,1000000515325,Sugiras Living,Sugiras Living,B&B,"Denpasar Selatan, Denpasar",2.0,8.1,['BAR'],26,Nyaman,-8.706828,115.234155,265422,,"Perpustakaan, Area piknik, Bar",hotel/indonesia/sugiras-living-1000000515325,220909,44513,0,265422,220909,44513.0,0.0,265422,245455,44513,0,289968,245455,44513.0,0.0,289968
2023-03-27 11:15:57.967554,Denpasar,27-03-2023,28-03-2023,1,3000010005686,Taman Ayu 212,Taman Ayu 212,Guest House,"Denpasar Selatan, Denpasar",1.0,8.6,['CARPARK'],133,Mengesankan,-8.708,115.199001,302575,,"Bayar saat Check-in, Penyewaan sepeda, Sewa mobil, Antar-jemput bandara",hotel/indonesia/taman-ayu-212-3000010005686,250062,0,52513,302575,250062,0.0,52513.0,302575,255165,0,53585,308750,255165,0.0,53585.0,308750
2023-03-27 11:15:57.967554,Denpasar,27-03-2023,28-03-2023,1,3000010028366,OYO 1684 Marina Suite Apartment Bali,OYO 1684 Marina Suite Apartment Bali,Apartemen,"Denpasar Selatan, Denpasar",2.0,7.8,['WIFI_PUBLIC_AREA'],96,Nyaman,-8.704973,115.239239,205202,,"Bayar saat Check-in, Hewan peliharaan diizinkan, Check-out ekspress",hotel/indonesia/oyo-1684-marina-suite-apartment-bali-3000010028366,169588,0,35614,205202,169588,0.0,35614.0,205202,217421,0,45659,263080,217421,0.0,45659.0,263080
2023-03-27 11:15:57.967554,Denpasar,27-03-2023,28-03-2023,1,3000010006248,Hotel Osella,Hotel Osella,Guest House,"Denpasar Utara, Denpasar",1.0,6.7,['CARPARK'],18,Baik,-8.635034,115.204336,84721,,,hotel/indonesia/hotel-osella-3000010006248,70017,0,14704,84721,70017,0.0,14704.0,84721,71446,0,15004,86450,71446,0.0,15004.0,86450
2023-03-27 11:15:57.967554,Denpasar,27-03-2023,28-03-2023,1,3000020019258,Hotel Diana I,Hotel Diana I,Hotel,"Denpasar Utara, Denpasar",0.0,7.5,"['WIFI_PUBLIC_AREA', 'CARPARK']",21,Nyaman,-8.636660199999998,115.20407,156483,,"Bayar saat Check-in, Antar-jemput bandara",hotel/indonesia/hotel-diana-i-3000020019258,129325,0,27158,156483,129325,0.0,27158.0,156483,239936,0,50386,290322,239936,0.0,50386.0,290322
2023-03-27 11:15:57.967554,Denpasar,27-03-2023,28-03-2023,1,9000001099626,OYO 91684 Pondok Syariah,OYO 91684 Pondok Syariah,Homestay,"Denpasar Barat, Denpasar",0.0,7.2,['WIFI_PUBLIC_AREA'],5,Nyaman,-8.669633,115.1821826,76302,,Easy Reschedule tersedia,hotel/indonesia/oyo-91684-pondok-syariah-9000001099626,63059,0,13243,76302,63059,0.0,13243.0,76302,116993,0,24569,141562,116993,0.0,24569.0,141562
2023-03-27 11:15:57.967554,Denpasar,27-03-2023,28-03-2023,1,9000000985110,Puku Camper,Puku Camper,Camping,"Denpasar Timur, Denpasar",0.0,,[],,,-8.5991195,115.2329313,550000,,"Bayar saat Check-in, Hewan kecil diizinkan",hotel/indonesia/puku-camper-9000000985110,454545,0,95455,550000,454545,0.0,95455.0,550000,606060,0,127273,733333,606060,0.0,127273.0,733333
2023-03-27 11:15:57.967554,Denpasar,27-03-2023,28-03-2023,1,3000010012696,Dea Graha,Dea Graha,Hotel,"Denpasar Selatan, Denpasar",0.0,8.1,['CARPARK'],25,Nyaman,-8.6973858,115.2270143,174930,,,hotel/indonesia/dea-graha-3000010012696,144571,0,30359,174930,144571,0.0,30359.0,174930,147521,0,30979,178500,147521,0.0,30979.0,178500
2023-03-27 11:15:57.967554,Denpasar,27-03-2023,28-03-2023,1,9000001151606,bali rama homestay,bali rama homestay,Homestay,"Denpasar Barat, Denpasar",0.0,,['WIFI_PUBLIC_AREA'],,,-8.6776068,115.1890339,120000,,Bayar saat Check-in,hotel/indonesia/bali-rama-homestay-9000001151606,99174,0,20826,120000,99174,0.0,20826.0,120000,132232,0,27768,160000,132232,0.0,27768.0,160000
2023-03-27 11:15:57.967554,Denpasar,27-03-2023,28-03-2023,1,9000001107878,OYO 91971 Hotel Puri Sokasati,OYO 91971 Hotel Puri Sokasati,Hotel,"Denpasar Timur, Denpasar",0.0,,"['WIFI_PUBLIC_AREA', 'CARPARK']",,,-8.6482631,115.2400919,343980,,Check-out ekspress,hotel/indonesia/oyo-91971-hotel-puri-sokasati-9000001107878,284281,0,59699,343980,284281,0.0,59699.0,343980,371901,0,78099,450000,371901,0.0,78099.0,450000
2023-03-27 11:15:57.967554,Denpasar,27-03-2023,28-03-2023,1,9000000133479,Murai Guest House,Murai Guest House,Guest House,"Denpasar Utara, Denpasar",0.0,,"['WIFI_PUBLIC_AREA', 'CARPARK']",2,,-8.634617,115.222122,176400,,"Layanan pijat, Spa",hotel/indonesia/murai-guest-house--9000000133479,145785,0,30615,176400,145785,0.0,30615.0,176400,148760,0,31240,180000,148760,0.0,31240.0,180000
2023-03-27 11:15:57.967554,Denpasar,27-03-2023,28-03-2023,1,9000001072924,OYO 91724 Penginapan Pondok Asri,OYO 91724 Penginapan Pondok Asri,Guest House,"Denpasar Barat, Denpasar",0.0,,"['WIFI_PUBLIC_AREA', 'CARPARK']",3,,-8.627977999999997,115.1822773,81400,,"Bayar saat Check-in, Easy Reschedule tersedia, Check-out ekspress",hotel/indonesia/oyo-91724-penginapan-pondok-asri-9000001072924,67272,0,14128,81400,67272,0.0,14128.0,81400,124810,0,26210,151020,124810,0.0,26210.0,151020
2023-03-27 11:15:58.926608,Gianyar,27-03-2023,28-03-2023,1,3000010004266,OYO 612 Dante Guesthouse,OYO 612 Dante Guesthouse,Guest House,"Gianyar Kota, Gianyar",2.0,8.4,['WIFI_PUBLIC_AREA'],385,Mengesankan,-8.544824499999999,115.3218787,198554,,"Bayar saat Check-in, Check-out ekspress",hotel/indonesia/oyo-612-dante-guesthouse-3000010004266,164094,0,34460,198554,164094,0.0,34460.0,198554,210377,0,44179,254556,210377,0.0,44179.0,254556
2023-03-27 11:15:58.926608,Gianyar,27-03-2023,28-03-2023,1,3000010004881,Hotel Gianyar,Hotel Gianyar,Hotel,"Gianyar Kota, Gianyar",1.0,8.0,"['WIFI_PUBLIC_AREA', 'CARPARK']",220,Nyaman,-8.539729,115.323035,130339,,"Bayar saat Check-in, Penitipan sepeda, Sewa mobil",hotel/indonesia/hotel-gianyar--3000010004881,107719,0,22620,130339,107719,0.0,22620.0,130339,109917,0,23082,132999,109917,0.0,23082.0,132999
