link_properti;nama_properti;alamat;kelurahan;kecamatan;kota;provinsi;jenis_kost;fasilitas_gedung;tipe_kamar;room_area;harga_room_bulanan
https://infokost.id/listing/the-aryana-kost-eksklusif-putri/;The Aryana Kost Eksklusif Putri Sleman Yogyakarta;Jl. Seturan I Gg. Jeruk No. 8B;CATUR TUNGGAL;DEPOK;KABUPATEN SLEMAN;DI YOGYAKARTA;Kost Putri;AC-Area parkir-CCTV-Dapur-Dispenser-Jendela Menghadap Luar-Kompor-Kulkas-Universitas Pembangunan Nasional Veteran “UPN”-Universitas Negeri Yogyakarta-UIN Sunan Kalijaga Yogyakarta-RSKIA Sadewa-Universitas Gadjah Mada-Atma Jaya, Mercu Buana, FEB UII, IAIN, Amikom-Pakuwon Mall dan Ambarukmo Mall-Siloam Hospital dan JIH;Reguler;9;1800000
https://infokost.id/listing/the-aryana-kost-eksklusif-putri/;The Aryana Kost Eksklusif Putri Sleman Yogyakarta;Jl. Seturan I Gg. Jeruk No. 8B;CATUR TUNGGAL;DEPOK;KABUPATEN SLEMAN;DI YOGYAKARTA;Kost Putri;AC-Area parkir-CCTV-Dapur-Dispenser-Jendela Menghadap Luar-Kompor-Kulkas-Universitas Pembangunan Nasional Veteran “UPN”-Universitas Negeri Yogyakarta-UIN Sunan Kalijaga Yogyakarta-RSKIA Sadewa-Universitas Gadjah Mada-Atma Jaya, Mercu Buana, FEB UII, IAIN, Amikom-Pakuwon Mall dan Ambarukmo Mall-Siloam Hospital dan JIH;Deluxe;14;2000000
https://infokost.id/listing/the-aryana-kost-eksklusif-putri/;The Aryana Kost Eksklusif Putri Sleman Yogyakarta;Jl. Seturan I Gg. Jeruk No. 8B;CATUR TUNGGAL;DEPOK;KABUPATEN SLEMAN;DI YOGYAKARTA;Kost Putri;AC-Area parkir-CCTV-Dapur-Dispenser-Jendela Menghadap Luar-Kompor-Kulkas-Universitas Pembangunan Nasional Veteran “UPN”-Universitas Negeri Yogyakarta-UIN Sunan Kalijaga Yogyakarta-RSKIA Sadewa-Universitas Gadjah Mada-Atma Jaya, Mercu Buana, FEB UII, IAIN, Amikom-Pakuwon Mall dan Ambarukmo Mall-Siloam Hospital dan JIH;Superior;24;2300000
https://infokost.id/listing/kost-putri-survive-kotagede-yogyakarta/;Kost Putri Survive Kotagede Yogyakarta;Jalan Nyi Ageng Nis, Gang Melati, Belok kiri Gang Cempaka, Pilahan RT 37 RW 12, Perum MA nomor 5, Rejowinangun Kotagedhe Yogyakarta;REJOWINANGUN;KOTAGEDE;KOTA YOGYAKARTA;DI YOGYAKARTA;Kost Putri;Area parkir-CCTV-Dispenser-Jendela Menghadap Luar-Kompor-Kulkas-Mesin cuci-Microwave-Universitas Ahmad Dahlan – Kampus 2-Taman Reptil Gembira Loka Zoo-RSI Hidayatullah-Kampus 2 UTY;Tipe A - Kamar Mandi Luar;5;700000
https://infokost.id/listing/kost-putri-survive-kotagede-yogyakarta/;Kost Putri Survive Kotagede Yogyakarta;Jalan Nyi Ageng Nis, Gang Melati, Belok kiri Gang Cempaka, Pilahan RT 37 RW 12, Perum MA nomor 5, Rejowinangun Kotagedhe Yogyakarta;REJOWINANGUN;KOTAGEDE;KOTA YOGYAKARTA;DI YOGYAKARTA;Kost Putri;Area parkir-CCTV-Dispenser-Jendela Menghadap Luar-Kompor-Kulkas-Mesin cuci-Microwave-Universitas Ahmad Dahlan – Kampus 2-Taman Reptil Gembira Loka Zoo-RSI Hidayatullah-Kampus 2 UTY;Tipe B;5;900000
https://infokost.id/listing/kost-putri-survive-kotagede-yogyakarta/;Kost Putri Survive Kotagede Yogyakarta;Jalan Nyi Ageng Nis, Gang Melati, Belok kiri Gang Cempaka, Pilahan RT 37 RW 12, Perum MA nomor 5, Rejowinangun Kotagedhe Yogyakarta;REJOWINANGUN;KOTAGEDE;KOTA YOGYAKARTA;DI YOGYAKARTA;Kost Putri;Area parkir-CCTV-Dispenser-Jendela Menghadap Luar-Kompor-Kulkas-Mesin cuci-Microwave-Universitas Ahmad Dahlan – Kampus 2-Taman Reptil Gembira Loka Zoo-RSI Hidayatullah-Kampus 2 UTY;Tipe C;5;500000
https://infokost.id/listing/omah-sate-dakir-wirobrajan-yogyakarta/;Omah Sate Dakir Wirobrajan Yogyakarta;Jl HOS Cokroaminoto 75 Wirobrajan Jogyakarta;PAKUNCEN;WIROBRAJAN;KOTA YOGYAKARTA;DI YOGYAKARTA;Kost Putra;AC-Area parkir-Meja kompor-Mesin cuci-Tempat jemur pakaian-Wifi-Stasiun Yogyakarta-Jogja National Museum-Sakola Jogja-Masjid Kuncen Yogyakarta;Single;5;800000
https://infokost.id/listing/omah-sate-dakir-wirobrajan-yogyakarta/;Omah Sate Dakir Wirobrajan Yogyakarta;Jl HOS Cokroaminoto 75 Wirobrajan Jogyakarta;PAKUNCEN;WIROBRAJAN;KOTA YOGYAKARTA;DI YOGYAKARTA;Kost Putra;AC-Area parkir-Meja kompor-Mesin cuci-Tempat jemur pakaian-Wifi-Stasiun Yogyakarta-Jogja National Museum-Sakola Jogja-Masjid Kuncen Yogyakarta;Standard;9;900000
https://infokost.id/listing/omah-uti-residence-karangwaru-yogyakarta/;Omah Uti Residence Karangwaru Yogyakarta;;KARANGWARU;TEGALREJO;KOTA YOGYAKARTA;DI YOGYAKARTA;Kost Campur;AC-Area parkir-Dapur-Kompor-Kulkas-Pemanas Air-Tempat jemur pakaian-Wifi-Universitas Gadjah Mada-Jogja City Mall-Malioboro Yogyakarta-Universitas Negeri Yogyakarta-The House Of Raminten-Monumen Yogya Kembali-Stasiun Lempuyangan;Regular Queen;8;2200000
https://infokost.id/listing/omah-uti-residence-karangwaru-yogyakarta/;Omah Uti Residence Karangwaru Yogyakarta;;KARANGWARU;TEGALREJO;KOTA YOGYAKARTA;DI YOGYAKARTA;Kost Campur;AC-Area parkir-Dapur-Kompor-Kulkas-Pemanas Air-Tempat jemur pakaian-Wifi-Universitas Gadjah Mada-Jogja City Mall-Malioboro Yogyakarta-Universitas Negeri Yogyakarta-The House Of Raminten-Monumen Yogya Kembali-Stasiun Lempuyangan;Compact Queen;2;2150000
https://infokost.id/listing/rumah-inap-griya-zulkarnain-wates/;Rumah Inap Griya Zulkarnain Wates;;ARGOREJO;BANTUL;KABUPATEN BANTUL;DI YOGYAKARTA;Kost Campur;AC-Area makan-Area parkir-Dapur-Dispenser-Kompor-Kulkas-Ruang santai / ruang tamu-Universitas Mercu Buana Yogyakarta-Indomaret Wates-Citra Grand Mutiara Waterpark-RSU Mitra Sehat-Alfamart Balecatur;Pocket Single;8;1300000
https://infokost.id/listing/rumah-inap-griya-zulkarnain-wates/;Rumah Inap Griya Zulkarnain Wates;;ARGOREJO;BANTUL;KABUPATEN BANTUL;DI YOGYAKARTA;Kost Campur;AC-Area makan-Area parkir-Dapur-Dispenser-Kompor-Kulkas-Ruang santai / ruang tamu-Universitas Mercu Buana Yogyakarta-Indomaret Wates-Citra Grand Mutiara Waterpark-RSU Mitra Sehat-Alfamart Balecatur;Pocket Single B;8;1400000
https://infokost.id/listing/kost-fayza/;Kost Fayza;Jl. Wulung No. 33-E Papringan Desa Caturtunggal Kec. Depok Kab. Sleman Prov. D.I Yogyakarta;CATUR TUNGGAL;DEPOK;KABUPATEN SLEMAN;DI YOGYAKARTA;Kost Putri;Area parkir-CCTV-Cleaning service-Dispenser-Kompor-Kulkas-Wifi-Universitas Sanata Dharma-Universitas Negeri Yogyakarta-Universitas Gadjah Mada-UIN Sunan Kalijaga Yogyakarta-Plaza Ambarrukmo;Standar;75;560000
https://infokost.id/listing/kos-putra-rizky-jaya-2-murah-di-dekat-pusat-kota-bantul/;Kos Putra Rizky Jaya 2 Murah Di Dekat Pusat Kota Bantul;Dukuh RT 015 / RW 000 Pendowoharjo Sewon Bantul Yogyakarta (di sebelah timur Wara Studio);PENDOWOHARJO;SEWON;KABUPATEN BANTUL;DI YOGYAKARTA;Kost Putra;Dapur-Tempat jemur pakaian-Wifi-Pasar Seni Gabusan (PSG)-Masjid Agung Manunggal Bantul-Warung Makna;Tipe Kamar Biasa;9;375000
https://infokost.id/listing/kost-tirto-la-vie/;Kost Tirto La Vie;Tlogo 05/02 Tamantirto, Kasihan, Bantul Regency, Special Region of Yogyakarta 55294;TAMANTIRTO;KASIHAN;KABUPATEN BANTUL;DI YOGYAKARTA;Kost Putra;Area parkir-Wifi-Universitas Muhammadiyah Yogyakarta-RS PKU Muhammadiyah Gamping-Universitas Alma Ata Yogyakarta;Oemah;12;600000
https://infokost.id/listing/satrio-residence-ngaglik-sleman-yogyakarta/;Satrio Residence Ngaglik Sleman Yogyakarta;Jl. Banteng Raya III No.6a, Banteng, Sinduharjo, Kec. Ngaglik, Kabupaten Sleman, Daerah Istimewa Yogyakarta 55581, Indonesia;SINDUHARJO;NGAGLIK;KABUPATEN SLEMAN;DI YOGYAKARTA;Kost Putri;Area parkir-Dapur-Dispenser-Kompor-Ruang santai / ruang tamu-Superindo Kaliurang 2.1 km-Universitas Gadjah Mada 3.8 km-UPN Veteran Yogyakarta 5 km-Universitas Negeri Yogyakarta 5.6 km-Pakuwon Mall 6.2 km;Superior Single;5;1250000
https://infokost.id/listing/satrio-residence-ngaglik-sleman-yogyakarta/;Satrio Residence Ngaglik Sleman Yogyakarta;Jl. Banteng Raya III No.6a, Banteng, Sinduharjo, Kec. Ngaglik, Kabupaten Sleman, Daerah Istimewa Yogyakarta 55581, Indonesia;SINDUHARJO;NGAGLIK;KABUPATEN SLEMAN;DI YOGYAKARTA;Kost Putri;Area parkir-Dapur-Dispenser-Kompor-Ruang santai / ruang tamu-Superindo Kaliurang 2.1 km-Universitas Gadjah Mada 3.8 km-UPN Veteran Yogyakarta 5 km-Universitas Negeri Yogyakarta 5.6 km-Pakuwon Mall 6.2 km;Master Queen;15;1400000
https://infokost.id/listing/kos-putri-apel-191a/;Kos Putri Apel 191A;Jl. Apel No. 191A, Mundu Saren, Depok, Sleman, Yogyakarta 55282 Belakang Plaza/Hotel Ambarukmo Area Seturan, Kledokan, Nologaten & Babarsari depok Sebelah Pesantren Ulil Albab;CATUR TUNGGAL;DEPOK;KABUPATEN SLEMAN;DI YOGYAKARTA;Kost Putri;Area parkir-CCTV-Dapur-Jendela Menghadap Luar-Kompor-Wifi-Bandar Udara Internasional Adisutjipto-UIN Sunan Kalijaga Yogyakarta-UPN “Veteran” Yogyakarta;Tipe A;9;650000
https://infokost.id/listing/kos-putri-apel-191a/;Kos Putri Apel 191A;Jl. Apel No. 191A, Mundu Saren, Depok, Sleman, Yogyakarta 55282 Belakang Plaza/Hotel Ambarukmo Area Seturan, Kledokan, Nologaten & Babarsari depok Sebelah Pesantren Ulil Albab;CATUR TUNGGAL;DEPOK;KABUPATEN SLEMAN;DI YOGYAKARTA;Kost Putri;Area parkir-CCTV-Dapur-Jendela Menghadap Luar-Kompor-Wifi-Bandar Udara Internasional Adisutjipto-UIN Sunan Kalijaga Yogyakarta-UPN “Veteran” Yogyakarta;Tipe B;25;750000
https://infokost.id/listing/kos-putri-apel-191a/;Kos Putri Apel 191A;Jl. Apel No. 191A, Mundu Saren, Depok, Sleman, Yogyakarta 55282 Belakang Plaza/Hotel Ambarukmo Area Seturan, Kledokan, Nologaten & Babarsari depok Sebelah Pesantren Ulil Albab;CATUR TUNGGAL;DEPOK;KABUPATEN SLEMAN;DI YOGYAKARTA;Kost Putri;Area parkir-CCTV-Dapur-Jendela Menghadap Luar-Kompor-Wifi-Bandar Udara Internasional Adisutjipto-UIN Sunan Kalijaga Yogyakarta-UPN “Veteran” Yogyakarta;Tipe C;15;850000
https://infokost.id/listing/kos-putri-apel-191a/;Kos Putri Apel 191A;Jl. Apel No. 191A, Mundu Saren, Depok, Sleman, Yogyakarta 55282 Belakang Plaza/Hotel Ambarukmo Area Seturan, Kledokan, Nologaten & Babarsari depok Sebelah Pesantren Ulil Albab;CATUR TUNGGAL;DEPOK;KABUPATEN SLEMAN;DI YOGYAKARTA;Kost Putri;Area parkir-CCTV-Dapur-Jendela Menghadap Luar-Kompor-Wifi-Bandar Udara Internasional Adisutjipto-UIN Sunan Kalijaga Yogyakarta-UPN “Veteran” Yogyakarta;Tipe D;9;750000
https://infokost.id/listing/kost-putri-pondok-talitha-kaliurang/;Kost Putri Pondok Talitha Kaliurang;PERUMAHAN DARUSSALAM MASSION Jl. Kali Urang KM 14 Kav. 2 Nganggrung RT 01 RW 30 Kelurahan Sukoharjo Kecamatan Ngaglik Kabupaten Sleman Yogyakarta;SUKOHARJO;NGAGLIK;KABUPATEN SLEMAN;DI YOGYAKARTA;Kost Putri;AC-Area parkir-CCTV-Dapur-Dispenser-Kompor-Kulkas-Laundry-Universitas Islam Indonesia-SPBU-Warung Makan;Tipe A;12;1250000
https://infokost.id/listing/kost-putri-pondok-talitha-kaliurang/;Kost Putri Pondok Talitha Kaliurang;PERUMAHAN DARUSSALAM MASSION Jl. Kali Urang KM 14 Kav. 2 Nganggrung RT 01 RW 30 Kelurahan Sukoharjo Kecamatan Ngaglik Kabupaten Sleman Yogyakarta;SUKOHARJO;NGAGLIK;KABUPATEN SLEMAN;DI YOGYAKARTA;Kost Putri;AC-Area parkir-CCTV-Dapur-Dispenser-Kompor-Kulkas-Laundry-Universitas Islam Indonesia-SPBU-Warung Makan;Tipe B;20;1500000
https://infokost.id/listing/apartemen-taman-melati-yogyakarta/;Apartemen Taman Melati Yogyakarta;Jalan Jembatan Baru UGM, Jalan Pogung Kidul, Pogung Kidul, Sinduadi, Kecamatan Sleman, Kabupaten Sleman, Daerah Istimewa Yogyakarta 55284;SINDUADI;MLATI;KABUPATEN SLEMAN;DI YOGYAKARTA;Kost Campur;Area makan-Area parkir-CCTV-Dapur-Dispenser-Kompor-Kulkas-Meja kompor-Universitas Gadjah Mada-Monumen Yogya Kembali-Jogja City Mall;Studio A;3;3700000
https://infokost.id/listing/apartemen-taman-melati-yogyakarta/;Apartemen Taman Melati Yogyakarta;Jalan Jembatan Baru UGM, Jalan Pogung Kidul, Pogung Kidul, Sinduadi, Kecamatan Sleman, Kabupaten Sleman, Daerah Istimewa Yogyakarta 55284;SINDUADI;MLATI;KABUPATEN SLEMAN;DI YOGYAKARTA;Kost Campur;Area makan-Area parkir-CCTV-Dapur-Dispenser-Kompor-Kulkas-Meja kompor-Universitas Gadjah Mada-Monumen Yogya Kembali-Jogja City Mall;1 Bedroom;45;6500000
https://infokost.id/listing/apartemen-taman-melati-yogyakarta/;Apartemen Taman Melati Yogyakarta;Jalan Jembatan Baru UGM, Jalan Pogung Kidul, Pogung Kidul, Sinduadi, Kecamatan Sleman, Kabupaten Sleman, Daerah Istimewa Yogyakarta 55284;SINDUADI;MLATI;KABUPATEN SLEMAN;DI YOGYAKARTA;Kost Campur;Area makan-Area parkir-CCTV-Dapur-Dispenser-Kompor-Kulkas-Meja kompor-Universitas Gadjah Mada-Monumen Yogya Kembali-Jogja City Mall;2 Bedroom;45;8500000
https://infokost.id/listing/kost-locera/;Kost Locera;Jl. Enau Barat no.2 Perumahan Jambusari, Wedomartani, Ngemplak, Sleman, Yogyakarta;WEDOMARTANI;NGEMPLAK;KABUPATEN SLEMAN;DI YOGYAKARTA;Kost Putri;Area parkir-CCTV-Dapur-Dispenser-Jendela Menghadap Luar-Kompor-Kulkas-Microwave-UPN “Veteran” Yogyakarta-Maguwoharjo Stadium-Warung Makan;Tipe A;25;1300000
https://infokost.id/listing/kost-locera/;Kost Locera;Jl. Enau Barat no.2 Perumahan Jambusari, Wedomartani, Ngemplak, Sleman, Yogyakarta;WEDOMARTANI;NGEMPLAK;KABUPATEN SLEMAN;DI YOGYAKARTA;Kost Putri;Area parkir-CCTV-Dapur-Dispenser-Jendela Menghadap Luar-Kompor-Kulkas-Microwave-UPN “Veteran” Yogyakarta-Maguwoharjo Stadium-Warung Makan;Tipe B`;25;800000
https://infokost.id/listing/kost-shaliha/;Kost Shaliha;Jl. Sidodadi Gang Gemawang No.105, RT.1/RW43, Gemawang, Sinduadi, Kec. Mlati, Kabupaten Sleman, Daerah Istimewa Yogyakarta 55284;SINDUADI;SLEMAN;KABUPATEN SLEMAN;DI YOGYAKARTA;Kost Putri;Area parkir-CCTV-Dapur-Jendela Menghadap Luar-Kompor-Kulkas-Microwave-Ruang santai / ruang tamu-Monumen Yogya Kembali-Universitas Gadjah Mada-Jogja City Mall-Masjid Pogung Dalangan (MPD)-SPBU;Tipe A;4;950000
https://infokost.id/listing/kost-sabrina/;Kost Sabrina;sawahan rt06 rw30 nogotirto gamping sleman yogyakarta;NOGOTIRTO;GAMPING;KABUPATEN SLEMAN;DI YOGYAKARTA;Kost Putri;Area parkir-Cleaning service-Dispenser-Kompor-Kulkas-Wifi-Rumah Sakit Umum Queen Latifa-Universitas ‘Aisyiyah Yogyakarta-Warung Makan;Kamar 1;9;580000
https://infokost.id/listing/kost-sabrina/;Kost Sabrina;sawahan rt06 rw30 nogotirto gamping sleman yogyakarta;NOGOTIRTO;GAMPING;KABUPATEN SLEMAN;DI YOGYAKARTA;Kost Putri;Area parkir-Cleaning service-Dispenser-Kompor-Kulkas-Wifi-Rumah Sakit Umum Queen Latifa-Universitas ‘Aisyiyah Yogyakarta-Warung Makan;Kamar 2;9;580000
https://infokost.id/listing/kost-sabrina/;Kost Sabrina;sawahan rt06 rw30 nogotirto gamping sleman yogyakarta;NOGOTIRTO;GAMPING;KABUPATEN SLEMAN;DI YOGYAKARTA;Kost Putri;Area parkir-Cleaning service-Dispenser-Kompor-Kulkas-Wifi-Rumah Sakit Umum Queen Latifa-Universitas ‘Aisyiyah Yogyakarta-Warung Makan;Kamar 3;9;580000
https://infokost.id/listing/kost-sabrina/;Kost Sabrina;sawahan rt06 rw30 nogotirto gamping sleman yogyakarta;NOGOTIRTO;GAMPING;KABUPATEN SLEMAN;DI YOGYAKARTA;Kost Putri;Area parkir-Cleaning service-Dispenser-Kompor-Kulkas-Wifi-Rumah Sakit Umum Queen Latifa-Universitas ‘Aisyiyah Yogyakarta-Warung Makan;Kamar 4;9;580000
https://infokost.id/listing/kost-putri-gifara/;Kost Putri GIFARA;Jl. Kimpulan I No.B9, RW.01, Krawitan, Umbulmartani, Kec. Ngemplak, Kabupaten Sleman, Daerah Istimewa Yogyakarta 55584;UMBULMARTANI;NGEMPLAK;KABUPATEN SLEMAN;DI YOGYAKARTA;Kost Putri;Area makan-Area parkir-CCTV-Dispenser-Jendela Menghadap Luar-Kompor-Kulkas-Meja kompor-Universitas Islam Indonesia-Coffe Shop-Warung Makan;Kamar Standar;25;750000
https://infokost.id/listing/kost-putri-gifara/;Kost Putri GIFARA;Jl. Kimpulan I No.B9, RW.01, Krawitan, Umbulmartani, Kec. Ngemplak, Kabupaten Sleman, Daerah Istimewa Yogyakarta 55584;UMBULMARTANI;NGEMPLAK;KABUPATEN SLEMAN;DI YOGYAKARTA;Kost Putri;Area makan-Area parkir-CCTV-Dispenser-Jendela Menghadap Luar-Kompor-Kulkas-Meja kompor-Universitas Islam Indonesia-Coffe Shop-Warung Makan;Kamar Special;9;900000
https://infokost.id/listing/tirta-kost/;TIRTA KOST;Kampung Tempuran rt 9.kec.taman tirto.kel.kasihan bantul Kode pos:, Daerah Istimewa Yogyakarta 55183;TAMANTIRTO;KASIHAN;KABUPATEN BANTUL;DI YOGYAKARTA;Kost Putra;CCTV-Jendela Menghadap Luar-Wifi-Universitas Muhammadiyah Yogyakarta-Universitas Alma Ata Yogyakarta-Universitas PGRI Yogyakarta (Kampus Pusat);Tipe A;16;750000
https://infokost.id/listing/kost-putri-hilda/;Kost Putri Hilda;Jl. Utama Pugeran no.5 RT 009 RW 065 Kel. Maguwoharjo Kec. Depok Kab. Sleman Prov. YOGYAKARTA;MAGUWOHARJO;DEPOK;KABUPATEN SLEMAN;DI YOGYAKARTA;Kost Putri;Area parkir-CCTV-Dapur-Dispenser-Kompor-Kulkas-Mesin cuci-Microwave-Bandar Udara Internasional Adisutjipto-RSKIA Sadewa-Universitas Pembangunan Nasional Veteran “UPN”-Kampus III Universitas Sanata Dharma;Single;3;1000000
https://infokost.id/listing/kost-putra-dekat-itda-stta-jec-rsau-akakom/;Kost Putra dekat ITDA (STTA), JEC, RSAU, AKAKOM;Jl.Maguwo 454 Wonocatur Banguntapan Bantul DIY;BANGUNTAPAN;BANGUNTAPAN;KABUPATEN BANTUL;DI YOGYAKARTA;Kost Putra;Area parkir-CCTV-Dapur-Kompor-Kulkas-Microwave-Wifi-Bandar Udara Internasional Adisutjipto-UIN Sunan Kalijaga Yogyakarta-Petting Zoo-RSPAU Dr. S. Hardjolukito-Institut Teknologi Dirgantara Adisutjipto;Kamar Mandi Luar Kosongan;9;375000
https://infokost.id/listing/kost-putra-dekat-itda-stta-jec-rsau-akakom/;Kost Putra dekat ITDA (STTA), JEC, RSAU, AKAKOM;Jl.Maguwo 454 Wonocatur Banguntapan Bantul DIY;BANGUNTAPAN;BANGUNTAPAN;KABUPATEN BANTUL;DI YOGYAKARTA;Kost Putra;Area parkir-CCTV-Dapur-Kompor-Kulkas-Microwave-Wifi-Bandar Udara Internasional Adisutjipto-UIN Sunan Kalijaga Yogyakarta-Petting Zoo-RSPAU Dr. S. Hardjolukito-Institut Teknologi Dirgantara Adisutjipto;Kamar mandi luar ada isi;9;450000
https://infokost.id/listing/kost-putra-dekat-itda-stta-jec-rsau-akakom/;Kost Putra dekat ITDA (STTA), JEC, RSAU, AKAKOM;Jl.Maguwo 454 Wonocatur Banguntapan Bantul DIY;BANGUNTAPAN;BANGUNTAPAN;KABUPATEN BANTUL;DI YOGYAKARTA;Kost Putra;Area parkir-CCTV-Dapur-Kompor-Kulkas-Microwave-Wifi-Bandar Udara Internasional Adisutjipto-UIN Sunan Kalijaga Yogyakarta-Petting Zoo-RSPAU Dr. S. Hardjolukito-Institut Teknologi Dirgantara Adisutjipto;Kamar mandi dalam dengan fasilitas;30;800000
https://infokost.id/listing/ruoptions-medical-syariah-gamping-yogyakarta/;Medical Syariah Gamping Yogyakarta;Jl. Nila, Kranggahan I, Trihanggo, Kec. Gamping, Kabupaten Sleman, Daerah Istimewa Yogyakarta 55291, Indonesia;TRIHANGGO;GAMPING;KABUPATEN SLEMAN;DI YOGYAKARTA;Kost Campur;AC-Area makan-Area parkir-CCTV-Dapur-Jendela Menghadap Luar-Kompor-Ruang santai / ruang tamu-RS Akademik UGM Yogyakarta 0.45 km-Universitas Teknologi Yogyakarta 2 km-Jogja City Mall 2.6 km-Monumen Yogya Kembali 2.6 km-Sleman City Hall 3.3 km-Universitas Aisyiyah Yogyakarta 4.7 km-Universitas Gadjah Mada 5.3 km;Master Queen A;2;2150000
https://infokost.id/listing/ruoptions-medical-syariah-gamping-yogyakarta/;Medical Syariah Gamping Yogyakarta;Jl. Nila, Kranggahan I, Trihanggo, Kec. Gamping, Kabupaten Sleman, Daerah Istimewa Yogyakarta 55291, Indonesia;TRIHANGGO;GAMPING;KABUPATEN SLEMAN;DI YOGYAKARTA;Kost Campur;AC-Area makan-Area parkir-CCTV-Dapur-Jendela Menghadap Luar-Kompor-Ruang santai / ruang tamu-RS Akademik UGM Yogyakarta 0.45 km-Universitas Teknologi Yogyakarta 2 km-Jogja City Mall 2.6 km-Monumen Yogya Kembali 2.6 km-Sleman City Hall 3.3 km-Universitas Aisyiyah Yogyakarta 4.7 km-Universitas Gadjah Mada 5.3 km;Master Queen B;2;2150000
https://infokost.id/listing/ruoptions-medical-syariah-gamping-yogyakarta/;Medical Syariah Gamping Yogyakarta;Jl. Nila, Kranggahan I, Trihanggo, Kec. Gamping, Kabupaten Sleman, Daerah Istimewa Yogyakarta 55291, Indonesia;TRIHANGGO;GAMPING;KABUPATEN SLEMAN;DI YOGYAKARTA;Kost Campur;AC-Area makan-Area parkir-CCTV-Dapur-Jendela Menghadap Luar-Kompor-Ruang santai / ruang tamu-RS Akademik UGM Yogyakarta 0.45 km-Universitas Teknologi Yogyakarta 2 km-Jogja City Mall 2.6 km-Monumen Yogya Kembali 2.6 km-Sleman City Hall 3.3 km-Universitas Aisyiyah Yogyakarta 4.7 km-Universitas Gadjah Mada 5.3 km;Master Twin A;2;2150000
https://infokost.id/listing/ruoptions-medical-syariah-gamping-yogyakarta/;Medical Syariah Gamping Yogyakarta;Jl. Nila, Kranggahan I, Trihanggo, Kec. Gamping, Kabupaten Sleman, Daerah Istimewa Yogyakarta 55291, Indonesia;TRIHANGGO;GAMPING;KABUPATEN SLEMAN;DI YOGYAKARTA;Kost Campur;AC-Area makan-Area parkir-CCTV-Dapur-Jendela Menghadap Luar-Kompor-Ruang santai / ruang tamu-RS Akademik UGM Yogyakarta 0.45 km-Universitas Teknologi Yogyakarta 2 km-Jogja City Mall 2.6 km-Monumen Yogya Kembali 2.6 km-Sleman City Hall 3.3 km-Universitas Aisyiyah Yogyakarta 4.7 km-Universitas Gadjah Mada 5.3 km;Master Twin B;2;2150000
https://infokost.id/listing/ruoptions-homy-residence-sleman-yogyakarta/;Homy Residence Sleman Yogyakarta;Jl. Pemancar Timur, Kledokan, Caturtunggal, Kec. Depok, Kabupaten Sleman, Daerah Istimewa Yogyakarta 55281, Indonesia;CATUR TUNGGAL;DEPOK;KABUPATEN SLEMAN;DI YOGYAKARTA;Kost Putri;AC-Area makan-Area parkir-CCTV-Dapur-Dispenser-Kompor-Kulkas;Compact Queen;1;1700000
https://infokost.id/listing/ruoptions-rumah-blok-o-bantul-yogyakarta/;Rumah Blok O Bantul Yogyakarta;Jl. Rajawali No.523, Karang Bendo, Banguntapan, Kec. Banguntapan, Kabupaten Bantul, Daerah Istimewa Yogyakarta 55198, Indonesia;BANGUNTAPAN;BANGUNTAPAN;KABUPATEN BANTUL;DI YOGYAKARTA;Kost Putri;AC-Area makan-Area parkir-Dapur-Dispenser-Kompor-Kulkas-Ruang santai / ruang tamu-Institut Teknologi Dirgantara Adisutjipto 1 km-Plaza Ambarrukmo 3.7 km-Stasiun Lempuyangan 5.4 km-Universitas Negeri Yogyakarta 5.8 km-Bandar Udara Internasional Adisutjipto 6 km-Universitas Gadjah Mada 6.8 km-Universitas Ahmad Dahlan 7.2 km;Compact Single;5;1400000
https://infokost.id/listing/ruoptions-rumah-blok-o-bantul-yogyakarta/;Rumah Blok O Bantul Yogyakarta;Jl. Rajawali No.523, Karang Bendo, Banguntapan, Kec. Banguntapan, Kabupaten Bantul, Daerah Istimewa Yogyakarta 55198, Indonesia;BANGUNTAPAN;BANGUNTAPAN;KABUPATEN BANTUL;DI YOGYAKARTA;Kost Putri;AC-Area makan-Area parkir-Dapur-Dispenser-Kompor-Kulkas-Ruang santai / ruang tamu-Institut Teknologi Dirgantara Adisutjipto 1 km-Plaza Ambarrukmo 3.7 km-Stasiun Lempuyangan 5.4 km-Universitas Negeri Yogyakarta 5.8 km-Bandar Udara Internasional Adisutjipto 6 km-Universitas Gadjah Mada 6.8 km-Universitas Ahmad Dahlan 7.2 km;Executive Family;3;1800000
https://infokost.id/listing/ruoptions-putri-pondok-al-hikmah-sleman-yogyakarta/;Putri Pondok Al Hikmah Sleman Yogyakarta;Jl. Mawar, Sukoharjo, Kec. Ngaglik, Kabupaten Sleman, Daerah Istimewa Yogyakarta 55581, Indonesia;SUKOHARJO;SLEMAN;KABUPATEN SLEMAN;DI YOGYAKARTA;Kost Putri;Area makan-Area parkir-Dapur-Kompor-Kulkas-Ruang santai / ruang tamu-Wifi-BRI CORPORATE UNIVERSITY 0.45 km-Universitas Islam Indonesia 1.4 km-Waroeng Raminten 2 km-Rumah Sakit Panti Nugroho 2.8 km;Compact Single A;4;750000
https://infokost.id/listing/ruoptions-putri-pondok-al-hikmah-sleman-yogyakarta/;Putri Pondok Al Hikmah Sleman Yogyakarta;Jl. Mawar, Sukoharjo, Kec. Ngaglik, Kabupaten Sleman, Daerah Istimewa Yogyakarta 55581, Indonesia;SUKOHARJO;SLEMAN;KABUPATEN SLEMAN;DI YOGYAKARTA;Kost Putri;Area makan-Area parkir-Dapur-Kompor-Kulkas-Ruang santai / ruang tamu-Wifi-BRI CORPORATE UNIVERSITY 0.45 km-Universitas Islam Indonesia 1.4 km-Waroeng Raminten 2 km-Rumah Sakit Panti Nugroho 2.8 km;Compact Single B;5;900000
https://infokost.id/listing/ruoptions-putri-pondok-al-hikmah-sleman-yogyakarta/;Putri Pondok Al Hikmah Sleman Yogyakarta;Jl. Mawar, Sukoharjo, Kec. Ngaglik, Kabupaten Sleman, Daerah Istimewa Yogyakarta 55581, Indonesia;SUKOHARJO;SLEMAN;KABUPATEN SLEMAN;DI YOGYAKARTA;Kost Putri;Area makan-Area parkir-Dapur-Kompor-Kulkas-Ruang santai / ruang tamu-Wifi-BRI CORPORATE UNIVERSITY 0.45 km-Universitas Islam Indonesia 1.4 km-Waroeng Raminten 2 km-Rumah Sakit Panti Nugroho 2.8 km;Compact Single C;9;800000
https://infokost.id/listing/ruoptions-putri-pondok-al-hikmah-sleman-yogyakarta/;Putri Pondok Al Hikmah Sleman Yogyakarta;Jl. Mawar, Sukoharjo, Kec. Ngaglik, Kabupaten Sleman, Daerah Istimewa Yogyakarta 55581, Indonesia;SUKOHARJO;SLEMAN;KABUPATEN SLEMAN;DI YOGYAKARTA;Kost Putri;Area makan-Area parkir-Dapur-Kompor-Kulkas-Ruang santai / ruang tamu-Wifi-BRI CORPORATE UNIVERSITY 0.45 km-Universitas Islam Indonesia 1.4 km-Waroeng Raminten 2 km-Rumah Sakit Panti Nugroho 2.8 km;Regular Single;8;1000000
https://infokost.id/listing/ruoptions-omah-cinta-sleman-yogyakarta/;Omah Cinta Sleman Yogyakarta;Jl. Selokan Mataram No.13, Pogung Kidul, Sinduadi, Kec. Mlati, Kabupaten Sleman, Daerah Istimewa Yogyakarta 55284, Indonesia;SINDUADI;SLEMAN;KABUPATEN SLEMAN;DI YOGYAKARTA;Kost Putri;Area parkir-Dapur-Dispenser-Kompor-Kulkas-Ruang santai / ruang tamu-Wifi-SEKOLAH TINGGI MARITIM YOGYAKARTA 1.1 km-TVRI Yogyakarta 1.3 km-Universitas Gadjah Mada 1.9 km-Sekolah Tinggi Multi Media (MMTC) Yogyakarta 2.1 km-Jogja City Mall 2.4 km-Monumen Yogya Kembali 2.5 km-Universitas Negeri Yogyakarta 3.1 km;Pocket Queen;7;1250000
https://infokost.id/listing/ruoptions-omah-cinta-sleman-yogyakarta/;Omah Cinta Sleman Yogyakarta;Jl. Selokan Mataram No.13, Pogung Kidul, Sinduadi, Kec. Mlati, Kabupaten Sleman, Daerah Istimewa Yogyakarta 55284, Indonesia;SINDUADI;SLEMAN;KABUPATEN SLEMAN;DI YOGYAKARTA;Kost Putri;Area parkir-Dapur-Dispenser-Kompor-Kulkas-Ruang santai / ruang tamu-Wifi-SEKOLAH TINGGI MARITIM YOGYAKARTA 1.1 km-TVRI Yogyakarta 1.3 km-Universitas Gadjah Mada 1.9 km-Sekolah Tinggi Multi Media (MMTC) Yogyakarta 2.1 km-Jogja City Mall 2.4 km-Monumen Yogya Kembali 2.5 km-Universitas Negeri Yogyakarta 3.1 km;Regular Queen;8;1650000
https://infokost.id/listing/ruoptions-omah-cinta-sleman-yogyakarta/;Omah Cinta Sleman Yogyakarta;Jl. Selokan Mataram No.13, Pogung Kidul, Sinduadi, Kec. Mlati, Kabupaten Sleman, Daerah Istimewa Yogyakarta 55284, Indonesia;SINDUADI;SLEMAN;KABUPATEN SLEMAN;DI YOGYAKARTA;Kost Putri;Area parkir-Dapur-Dispenser-Kompor-Kulkas-Ruang santai / ruang tamu-Wifi-SEKOLAH TINGGI MARITIM YOGYAKARTA 1.1 km-TVRI Yogyakarta 1.3 km-Universitas Gadjah Mada 1.9 km-Sekolah Tinggi Multi Media (MMTC) Yogyakarta 2.1 km-Jogja City Mall 2.4 km-Monumen Yogya Kembali 2.5 km-Universitas Negeri Yogyakarta 3.1 km;Regular Queen with Window;5;1750000
https://infokost.id/listing/ruoptions-cemara-mlati-sleman-yogyakarta/;RuOptions Cemara Mlati Sleman Yogyakarta;Jl. Mangga No.166C Kutu Dukuh, Sinduadi Kec. Mlati, Sleman, Daerah Istimewa Yogyakarta;SINDUADI;SLEMAN;KOTA YOGYAKARTA;DI YOGYAKARTA;Kost Putri;Area makan-Area parkir-CCTV-Dapur-Ruang santai / ruang tamu-Wifi-Universitas Gadjah Mada 2 km-Galeria Mall – Yogyakarta 3.5 km-Universitas Negeri Yogyakarta 3.7 km-Stasiun Lempuyangan 4.2 km-Stasiun Tugu Yogyakarta 4.2 km-UIN Sunan Kalijaga 5.2 km-Plaza Ambarrukmo 6.7 km;Compact Single;20;1350000
https://infokost.id/listing/ruoptions-cemara-mlati-sleman-yogyakarta/;RuOptions Cemara Mlati Sleman Yogyakarta;Jl. Mangga No.166C Kutu Dukuh, Sinduadi Kec. Mlati, Sleman, Daerah Istimewa Yogyakarta;SINDUADI;SLEMAN;KOTA YOGYAKARTA;DI YOGYAKARTA;Kost Putri;Area makan-Area parkir-CCTV-Dapur-Ruang santai / ruang tamu-Wifi-Universitas Gadjah Mada 2 km-Galeria Mall – Yogyakarta 3.5 km-Universitas Negeri Yogyakarta 3.7 km-Stasiun Lempuyangan 4.2 km-Stasiun Tugu Yogyakarta 4.2 km-UIN Sunan Kalijaga 5.2 km-Plaza Ambarrukmo 6.7 km;Pocket Single with AC;20;1650000
https://infokost.id/listing/ruoptions-cemara-mlati-sleman-yogyakarta/;RuOptions Cemara Mlati Sleman Yogyakarta;Jl. Mangga No.166C Kutu Dukuh, Sinduadi Kec. Mlati, Sleman, Daerah Istimewa Yogyakarta;SINDUADI;SLEMAN;KOTA YOGYAKARTA;DI YOGYAKARTA;Kost Putri;Area makan-Area parkir-CCTV-Dapur-Ruang santai / ruang tamu-Wifi-Universitas Gadjah Mada 2 km-Galeria Mall – Yogyakarta 3.5 km-Universitas Negeri Yogyakarta 3.7 km-Stasiun Lempuyangan 4.2 km-Stasiun Tugu Yogyakarta 4.2 km-UIN Sunan Kalijaga 5.2 km-Plaza Ambarrukmo 6.7 km;Compact Single with Bathroom;60;1700000
https://infokost.id/listing/ruoptions-cemara-mlati-sleman-yogyakarta/;RuOptions Cemara Mlati Sleman Yogyakarta;Jl. Mangga No.166C Kutu Dukuh, Sinduadi Kec. Mlati, Sleman, Daerah Istimewa Yogyakarta;SINDUADI;SLEMAN;KOTA YOGYAKARTA;DI YOGYAKARTA;Kost Putri;Area makan-Area parkir-CCTV-Dapur-Ruang santai / ruang tamu-Wifi-Universitas Gadjah Mada 2 km-Galeria Mall – Yogyakarta 3.5 km-Universitas Negeri Yogyakarta 3.7 km-Stasiun Lempuyangan 4.2 km-Stasiun Tugu Yogyakarta 4.2 km-UIN Sunan Kalijaga 5.2 km-Plaza Ambarrukmo 6.7 km;Pocket Single with W. Heater;7;1750000
https://infokost.id/listing/ruoptions-cemara-mlati-sleman-yogyakarta/;RuOptions Cemara Mlati Sleman Yogyakarta;Jl. Mangga No.166C Kutu Dukuh, Sinduadi Kec. Mlati, Sleman, Daerah Istimewa Yogyakarta;SINDUADI;SLEMAN;KOTA YOGYAKARTA;DI YOGYAKARTA;Kost Putri;Area makan-Area parkir-CCTV-Dapur-Ruang santai / ruang tamu-Wifi-Universitas Gadjah Mada 2 km-Galeria Mall – Yogyakarta 3.5 km-Universitas Negeri Yogyakarta 3.7 km-Stasiun Lempuyangan 4.2 km-Stasiun Tugu Yogyakarta 4.2 km-UIN Sunan Kalijaga 5.2 km-Plaza Ambarrukmo 6.7 km;Pocket Single with Window;7;1750000
https://infokost.id/listing/ruoptions-cemara-mlati-sleman-yogyakarta/;RuOptions Cemara Mlati Sleman Yogyakarta;Jl. Mangga No.166C Kutu Dukuh, Sinduadi Kec. Mlati, Sleman, Daerah Istimewa Yogyakarta;SINDUADI;SLEMAN;KOTA YOGYAKARTA;DI YOGYAKARTA;Kost Putri;Area makan-Area parkir-CCTV-Dapur-Ruang santai / ruang tamu-Wifi-Universitas Gadjah Mada 2 km-Galeria Mall – Yogyakarta 3.5 km-Universitas Negeri Yogyakarta 3.7 km-Stasiun Lempuyangan 4.2 km-Stasiun Tugu Yogyakarta 4.2 km-UIN Sunan Kalijaga 5.2 km-Plaza Ambarrukmo 6.7 km;Compact Single with Window;70;1800000
https://infokost.id/listing/ruoptions-paris-syariah-bantul-yogyakarta/;Paris Syariah Bantul Yogyakarta;Jl. Parangtritis No.Km, RW.5, Randubelang, Bangunharjo, Kec. Sewon, Kabupaten Bantul, Daerah Istimewa Yogyakarta;PRAMBANAN;BANTUL;KABUPATEN BANTUL;DI YOGYAKARTA;Kost Campur;Area makan-Area parkir-CCTV-Dapur-Ruang santai / ruang tamu-Wifi-Alun-Alun Kidul Yogyakarta 2.9 km-Keraton Yogyakarta 3.6 km-Pasar Beringharjo Yogyakarta 4 km-Malioboro Yogyakarta 4.7 km-Universitas Ahmad Dahlan 4.9 km-Stasiun Tugu Yogyakarta 5.7 km-Stasiun Lempuyangan 6.1 km-Galeria Mall – Yogyakarta 6.4 km;Compact Queen with Bathroom;8;1800000
https://infokost.id/listing/ruoptions-paris-syariah-bantul-yogyakarta/;Paris Syariah Bantul Yogyakarta;Jl. Parangtritis No.Km, RW.5, Randubelang, Bangunharjo, Kec. Sewon, Kabupaten Bantul, Daerah Istimewa Yogyakarta;PRAMBANAN;BANTUL;KABUPATEN BANTUL;DI YOGYAKARTA;Kost Campur;Area makan-Area parkir-CCTV-Dapur-Ruang santai / ruang tamu-Wifi-Alun-Alun Kidul Yogyakarta 2.9 km-Keraton Yogyakarta 3.6 km-Pasar Beringharjo Yogyakarta 4 km-Malioboro Yogyakarta 4.7 km-Universitas Ahmad Dahlan 4.9 km-Stasiun Tugu Yogyakarta 5.7 km-Stasiun Lempuyangan 6.1 km-Galeria Mall – Yogyakarta 6.4 km;Compact Queen with Window;8;1900000
https://infokost.id/listing/ruoptions-paris-syariah-bantul-yogyakarta/;Paris Syariah Bantul Yogyakarta;Jl. Parangtritis No.Km, RW.5, Randubelang, Bangunharjo, Kec. Sewon, Kabupaten Bantul, Daerah Istimewa Yogyakarta;PRAMBANAN;BANTUL;KABUPATEN BANTUL;DI YOGYAKARTA;Kost Campur;Area makan-Area parkir-CCTV-Dapur-Ruang santai / ruang tamu-Wifi-Alun-Alun Kidul Yogyakarta 2.9 km-Keraton Yogyakarta 3.6 km-Pasar Beringharjo Yogyakarta 4 km-Malioboro Yogyakarta 4.7 km-Universitas Ahmad Dahlan 4.9 km-Stasiun Tugu Yogyakarta 5.7 km-Stasiun Lempuyangan 6.1 km-Galeria Mall – Yogyakarta 6.4 km;Superior Queen;12;1900000
https://infokost.id/listing/ruoptions-prambanan-syariah-yogyakarta/;Prambanan Syariah Yogyakarta;Jalan Yogyakarta - Solo KM. 21, Dusun Tegal Borong, Desa Kemudo, Tegalbarong, Kec, Kec. Prambanan, Kabupaten Klaten, Jawa Tengah;PRAMBANAN;BANTUL;KABUPATEN KLATEN;JAWA TENGAH;Kost Campur;Area parkir-CCTV-Dapur-Ruang santai / ruang tamu-Wifi-Stasiun Brambanan 3.2 km-Candi Prambanan 4.2 km-Candi Sewu 5.2 km;Compact Queen with Bathroom;9;1350000
https://infokost.id/listing/ruoptions-prambanan-syariah-yogyakarta/;Prambanan Syariah Yogyakarta;Jalan Yogyakarta - Solo KM. 21, Dusun Tegal Borong, Desa Kemudo, Tegalbarong, Kec, Kec. Prambanan, Kabupaten Klaten, Jawa Tengah;PRAMBANAN;BANTUL;KABUPATEN KLATEN;JAWA TENGAH;Kost Campur;Area parkir-CCTV-Dapur-Ruang santai / ruang tamu-Wifi-Stasiun Brambanan 3.2 km-Candi Prambanan 4.2 km-Candi Sewu 5.2 km;Compact Twin;9;1350000
https://infokost.id/listing/ruoptions-prambanan-syariah-yogyakarta/;Prambanan Syariah Yogyakarta;Jalan Yogyakarta - Solo KM. 21, Dusun Tegal Borong, Desa Kemudo, Tegalbarong, Kec, Kec. Prambanan, Kabupaten Klaten, Jawa Tengah;PRAMBANAN;BANTUL;KABUPATEN KLATEN;JAWA TENGAH;Kost Campur;Area parkir-CCTV-Dapur-Ruang santai / ruang tamu-Wifi-Stasiun Brambanan 3.2 km-Candi Prambanan 4.2 km-Candi Sewu 5.2 km;Compact King;9;1450000
https://infokost.id/listing/kost-m/;Kost M;Niten rt 05 rw 30 wedomartani ngemplak sleman yogyakarta;WEDOMARTANI;NGEMPLAK;KABUPATEN SLEMAN;DI YOGYAKARTA;Kost Putri;Area parkir-CCTV-Jendela Menghadap Luar-Kompor-Kulkas-Tempat jemur pakaian-Universitas Respati Yogyakarta, Kampus 2-Rumah Sakit UAD-Rs medika respati yogyakarta;Tipe B;8;450000
https://infokost.id/listing/kost-m/;Kost M;Niten rt 05 rw 30 wedomartani ngemplak sleman yogyakarta;WEDOMARTANI;NGEMPLAK;KABUPATEN SLEMAN;DI YOGYAKARTA;Kost Putri;Area parkir-CCTV-Jendela Menghadap Luar-Kompor-Kulkas-Tempat jemur pakaian-Universitas Respati Yogyakarta, Kampus 2-Rumah Sakit UAD-Rs medika respati yogyakarta;Tipe A;9;500000
https://infokost.id/listing/wisma-brotoseno-7-rooftop-pogung/;Wisma Brotoseno 7 Rooftop Pogung;Jl Pagung Dalangan RT8 RW50 Sinduadi Mlati Sleman Yogyakarta;SINDUADI;MLATI;KABUPATEN SLEMAN;DI YOGYAKARTA;Kost Putra;Area parkir-Dispenser-Jendela Menghadap Luar-Mesin cuci-Tempat jemur pakaian-Wifi-Universitas Gadjah Mada-Universitas Negeri Yogyakarta-Universitas Teknologi Yogyakarta-Masjid-Warung Makan;Standard;36;2500000
https://infokost.id/listing/rukita-mancasan-view-sleman-yogyakarta/;Rukita Mancasan View Sleman Yogyakarta;6CR7+2CG, Gg. Arjuna, Ngringin, Condongcatur, Kec. Depok, Kabupaten Sleman, Daerah Istimewa Yogyakarta 55584, Indonesia;CONDONG CATUR;DEPOK;KABUPATEN SLEMAN;DI YOGYAKARTA;Kost Putra;Area makan-CCTV-Dapur-Dispenser-Kompor-Kulkas-Laundry-Wifi;Regular Single;10;2250000
https://infokost.id/listing/kost-putri-dream-house/;Kost Putri Dream House;Jl Duwet No.202, Kledokan, Caturtunggal, Kec. Depok, Kabupaten Sleman, Daerah Istimewa Yogyakarta 55281;CATUR TUNGGAL;DEPOK;KABUPATEN SLEMAN;DI YOGYAKARTA;Kost Putri;Area parkir-CCTV-Cleaning service-Dapur-Laundry-Ruang santai / ruang tamu-Wifi-Universitas Sanata Dharma Kampus 2 Mrican-Universitas Atma Jaya Yogyakarta-Universitas Pembangunan Nasional Veteran Yogyakarta-Universitas Negeri Yogyakarta;Type A;5;1700000
https://infokost.id/listing/kost-putri-dream-house/;Kost Putri Dream House;Jl Duwet No.202, Kledokan, Caturtunggal, Kec. Depok, Kabupaten Sleman, Daerah Istimewa Yogyakarta 55281;CATUR TUNGGAL;DEPOK;KABUPATEN SLEMAN;DI YOGYAKARTA;Kost Putri;Area parkir-CCTV-Cleaning service-Dapur-Laundry-Ruang santai / ruang tamu-Wifi-Universitas Sanata Dharma Kampus 2 Mrican-Universitas Atma Jaya Yogyakarta-Universitas Pembangunan Nasional Veteran Yogyakarta-Universitas Negeri Yogyakarta;Type B;5;1800000
https://infokost.id/listing/kost-putri-samantasuka/;Kost Putri Samantasuka;Jl. Besi Jangkang, Klidon, Sukoharjo, Kec. Ngaglik, Kabupaten Sleman, Daerah Istimewa Yogyakarta 55581;SUKO HARJO;NGAGLIK;KABUPATEN SLEMAN;DI YOGYAKARTA;Kost Putri;Area parkir-CCTV-Dapur-Dispenser-Kulkas-Mesin cuci-Microwave-Tempat jemur pakaian-Universitas Islam Indonesia-Pasar Jangkang;Standard;14;1300000
https://infokost.id/listing/oasis-studio-apartment-dua/;Oasis Studio Apartment Dua;Jl. Affandi Gg. Dahlia No.4, Karang Gayam, Caturtunggal, Kec. Depok, Kabupaten Sleman, Daerah Istimewa Yogyakarta 55281;CATUR TUNGGAL;DEPOK;KABUPATEN SLEMAN;DI YOGYAKARTA;Kost Putra;CCTV-Cleaning service-Dapur-Dispenser-Kompor-Kulkas-Laundry-Microwave-Universitas Gadjah Mada-Hartono Mall-Universitas Negeri Yogyakarta;Superior Single Bed;12;2500000
https://infokost.id/listing/oasis-studio-apartment-dua/;Oasis Studio Apartment Dua;Jl. Affandi Gg. Dahlia No.4, Karang Gayam, Caturtunggal, Kec. Depok, Kabupaten Sleman, Daerah Istimewa Yogyakarta 55281;CATUR TUNGGAL;DEPOK;KABUPATEN SLEMAN;DI YOGYAKARTA;Kost Putra;CCTV-Cleaning service-Dapur-Dispenser-Kompor-Kulkas-Laundry-Microwave-Universitas Gadjah Mada-Hartono Mall-Universitas Negeri Yogyakarta;Standard Single bed;9;2300000
https://infokost.id/listing/kost-bu-endang-2/;Kost Bu Endang;Gg. Loncang No.136, Kragilan, Sinduadi, Kec. Mlati, Kabupaten Sleman, Daerah Istimewa Yogyakarta 55284;SINDUADI;MLATI;KABUPATEN SLEMAN;DI YOGYAKARTA;Kost Campur;Area parkir-CCTV-Dapur-Ruang santai / ruang tamu-Wifi-Universitas Gadjah Mada-SEKOLAH TINGGI MARITIM YOGYAKARTA-RSU Sakina Idaman-Galeria Mall-Sindu Kusuma Edupark (SKE);Standard;12;2000000
https://infokost.id/listing/first-living-8/;First Living 8;Jl. Magelang No.176, Rogoyudan, Sinduadi, Kec. Mlati, Kabupaten Sleman, Daerah Istimewa Yogyakarta 55284;SINDUADI;MLATI;KABUPATEN SLEMAN;DI YOGYAKARTA;Kost Campur;Area makan-Area parkir-CCTV-Dapur-Dispenser-Kulkas-Ruang santai / ruang tamu-Wifi-Universitas Gadjah Mada-SEKOLAH TINGGI MARITIM YOGYAKARTA-RSU Sakina Idaman-Galeria Mall-Sindu Kusuma Edupark (SKE);Deluxe Single;9;2000000
https://infokost.id/listing/aldebaran-residence/;Aldebaran Residence;Karangwaru, Tegalrejo, Yogyakarta City, Special Region of Yogyakarta 55241;KARANGWARU;TEGALREJO;KOTA YOGYAKARTA;DI YOGYAKARTA;Kost Campur;Area parkir-CCTV-Dapur-Dispenser-Kulkas-Ruang santai / ruang tamu-Wifi-Universitas Gadjah Mada-SEKOLAH TINGGI MARITIM YOGYAKARTA-RSU Sakina Idaman-Galeria Mall-Sindu Kusuma Edupark (SKE);Standard;9;2000000
https://infokost.id/listing/griya-aisyah/;Griya Aisyah;Resonegaran GK V/1347, RT.56/RW.12, Terban, Kec. Gondokusuman, Kota Yogyakarta, Daerah Istimewa Yogyakarta 55223;TERBAN;GONDOKUSUMAN;KOTA YOGYAKARTA;DI YOGYAKARTA;Kost Campur;Area parkir-CCTV-Dapur-Dispenser-Kulkas-Ruang santai / ruang tamu-Wifi-UIN Sunan Kalijaga Yogyakarta-Lippo Plaza Jogja-Universitas Negeri Yogyakarta-Universitas Gadjah Mada-Universitas Kristen Duta Wacana-Rumah Sakit dr. Soetarto (DKT);Deluxe Double;9;1500000
https://infokost.id/listing/griya-indriyani/;Griya Indriyani;Jl. Demangan Baru Jl. Pelemburan Gg. Cucakrowo No.5, Demangan Baru, Caturtunggal, Kec. Depok, Kabupaten Sleman, Daerah Istimewa Yogyakarta 55281;CATUR TUNGGAL;DEPOK;KABUPATEN SLEMAN;DI YOGYAKARTA;Kost Putri;Area parkir-CCTV-Dapur-Dispenser-Kulkas-Ruang santai / ruang tamu-Wifi-UIN Sunan Kalijaga Yogyakarta-Lippo Plaza Jogja-Universitas Negeri Yogyakarta-Universitas Gadjah Mada-Universitas Kristen Duta Wacana-Rumah Sakit dr. Soetarto (DKT);Deluxe Double;9;2000000
https://infokost.id/listing/woodpecker-pavilion/;Woodpecker Pavilion;Jl. Kenari Jl. Demangan Baru No.4, Demangan Baru, Caturtunggal, Kec. Depok, Kabupaten Sleman, Daerah Istimewa Yogyakarta 55281;CATUR TUNGGAL;DEPOK;KABUPATEN SLEMAN;DI YOGYAKARTA;Kost Campur;Area makan-Area parkir-CCTV-Dapur-Dispenser-Kulkas-Rooftop-Ruang santai / ruang tamu-UIN Sunan Kalijaga Yogyakarta-Lippo Plaza Jogja-Universitas Negeri Yogyakarta-Universitas Gadjah Mada-Universitas Kristen Duta Wacana-Rumah Sakit dr. Soetarto (DKT);Deluxe Double;10;4000000
https://infokost.id/listing/wisma-nalendra/;Wisma Nalendra;Jl. Kepuh GK III No.1074, Klitren, Kec. Gondokusuman, Kota Yogyakarta, Daerah Istimewa Yogyakarta 55222;KLITREN;GONDOKUSUMAN;KOTA YOGYAKARTA;DI YOGYAKARTA;Kost Campur;Area parkir-CCTV-Dapur-Dispenser-Kulkas-Ruang santai / ruang tamu-Wifi-UIN Sunan Kalijaga Yogyakarta-Lippo Plaza Jogja-Universitas Negeri Yogyakarta-Universitas Gadjah Mada-Universitas Kristen Duta Wacana-Rumah Sakit dr. Soetarto (DKT);Deluxe Double;9;2500000
https://infokost.id/listing/kost-near-lippo/;Kost Near Lippo;Gg. Kunthi, Demangan, Kec. Gondokusuman, Kota Yogyakarta, Daerah Istimewa Yogyakarta 55221;DEMANGAN;GONDOKUSUMAN;KOTA YOGYAKARTA;DI YOGYAKARTA;Kost Campur;Area makan-Area parkir-CCTV-Dapur-Dispenser-Kulkas-Ruang santai / ruang tamu-Wifi-UIN Sunan Kalijaga Yogyakarta-Lippo Plaza Jogja-Universitas Negeri Yogyakarta-Universitas Gadjah Mada-Universitas Kristen Duta Wacana-Rumah Sakit dr. Soetarto (DKT);Deluxe Double;9;1800000
https://infokost.id/listing/kost-ai/;Kost Ai;Jl. Mangga, Gejayan, Condongcatur, Kec. Depok, Kabupaten Sleman, Daerah Istimewa Yogyakarta 55281;CONDONG CATUR;DEPOK;KABUPATEN SLEMAN;DI YOGYAKARTA;Kost Campur;Area makan-Area parkir-CCTV-Dapur-Dispenser-Kulkas-Ruang santai / ruang tamu-Wifi-Rumah Sakit JIH-Hartono Mall-University of Amikom Yogyakarta-Universitas Pembangunan Nasional Veteran “UPN”;Standard;9;1250000
https://infokost.id/listing/kost-ananda/;Kost Ananda;Perumahan Sawitsari, Jl. Bunga B1, Pikgondang, Pikgondeng, Condongcatur, Kec. Depok, Kabupaten Sleman, Daerah Istimewa Yogyakarta 55283;CONDONG CATUR;DEPOK;KABUPATEN SLEMAN;DI YOGYAKARTA;Kost Campur;Area parkir-CCTV-Dapur-Dispenser-Kulkas-Ruang santai / ruang tamu-Wifi-Rumah Sakit JIH-Hartono Mall-University of Amikom Yogyakarta-Universitas Pembangunan Nasional Veteran “UPN”;Standard;8;1400000
https://infokost.id/listing/kost-arunika-residence/;Kost Arunika Residence;Jl. Rajawali 3 No.40, RT.08/RW.05, Ngabean Wetan, Condongcatur, Kec. Depok, Kabupaten Sleman, Daerah Istimewa Yogyakarta 55283;CONDONG CATUR;DEPOK;KABUPATEN SLEMAN;DI YOGYAKARTA;Kost Campur;Area makan-Area parkir-CCTV-Dapur-Dispenser-Kulkas-Ruang santai / ruang tamu-Wifi-Rumah Sakit JIH-Hartono Mall-University of Amikom Yogyakarta-Universitas Pembangunan Nasional Veteran “UPN”;Deluxe Double;8;1500000
https://infokost.id/listing/kost-bu-toyo/;Kost Bu Toyo;Soropadan, Condongcatur, Depok, Sleman Regency, Special Region of Yogyakarta 55281;CONDONG CATUR;DEPOK;KABUPATEN SLEMAN;DI YOGYAKARTA;Kost Campur;Area parkir-Ruang santai / ruang tamu-Universitas Gadjah Mada-Hartono Mall-Universitas Pembangunan Nasional Veteran “UPN”-Universitas Negeri Yogyakarta;Standard;8;500000
https://infokost.id/listing/ndalem-gusti-ayu/;Ndalem Gusti Ayu;Jl. Jemb. Merah No.116, Kaliwaru, Condongcatur, Kec. Depok, Kabupaten Sleman, Daerah Istimewa Yogyakarta 55283;CONDONG CATUR;DEPOK;KABUPATEN SLEMAN;DI YOGYAKARTA;Kost Campur;Area makan-Area parkir-CCTV-Laundry-Ruang santai / ruang tamu-Wifi-Universitas Gadjah Mada-Hartono Mall-Universitas Pembangunan Nasional Veteran “UPN”-Universitas Negeri Yogyakarta;Deluxe Double;9;3200000
https://infokost.id/listing/nirvana-inn/;Nirvana Inn;Gg. Jemb. Merah No.104 D, Soropadan, Condongcatur, Kec. Depok, Kabupaten Sleman, Daerah Istimewa Yogyakarta 55283;CONDONG CATUR;DEPOK;KABUPATEN SLEMAN;DI YOGYAKARTA;Kost Campur;Area makan-Area parkir-CCTV-Dapur-Ruang santai / ruang tamu-Wifi-Hartono Mall-Universitas Pembangunan Nasional Veteran “UPN”-University of Amikom Yogyakarta-Universitas Mercu Buana Yogyakarta, Kampus 2-Universitas Negeri Yogyakarta-Universitas Gadjah Mada;Standard;12;1700000
https://infokost.id/listing/kost-putra-adhiwangsa/;Kost Putra Adhiwangsa;Jl. Nglanjaran Gg. Durian, RT.09/RW.17, Candirejo, Sardonoharjo, Kec. Ngaglik, Kabupaten Sleman, Daerah Istimewa Yogyakarta 55581;SARDONOHARJO;NGAGLIK;KABUPATEN SLEMAN;DI YOGYAKARTA;Kost Putra;Area makan-Area parkir-CCTV-Dapur-Dispenser-Kompor-Kulkas-Meja kompor-Universitas Islam Indonesia-DJA-VA GOLF-Pondok Pesantren Pandanaran-RSU Gramedika 10;Tipe A;12;7500000
https://infokost.id/listing/kost-eksklusif-putri-cnt-di-condong-catur-sleman/;Kost Eksklusif Putri CNT di Condong Catur Sleman;Jalan Puri Gejayan Indah B119 Soropadan, Kaliwaru, Condongcatur, Depok, Sleman Regency, Special Region of Yogyakarta 55281;CONDONG CATUR;DEPOK;KABUPATEN SLEMAN;DI YOGYAKARTA;Kost Putri;Area parkir-Wifi-Dekat dengan Hartono Mall.-Dekat dengan Polda DIY.-Dekat dengan Kampus – Kampus UNY.UGM. Sanata dharma. UPN. AMIKOM. UUI.-Dekat dengan perkantoran perbankan swalayan pasar dll.;Tipe AC;9;1250000
https://infokost.id/listing/kost-eksklusif-putri-cnt-di-condong-catur-sleman/;Kost Eksklusif Putri CNT di Condong Catur Sleman;Jalan Puri Gejayan Indah B119 Soropadan, Kaliwaru, Condongcatur, Depok, Sleman Regency, Special Region of Yogyakarta 55281;CONDONG CATUR;DEPOK;KABUPATEN SLEMAN;DI YOGYAKARTA;Kost Putri;Area parkir-Wifi-Dekat dengan Hartono Mall.-Dekat dengan Polda DIY.-Dekat dengan Kampus – Kampus UNY.UGM. Sanata dharma. UPN. AMIKOM. UUI.-Dekat dengan perkantoran perbankan swalayan pasar dll.;Tipe Non AC;9;950000
https://infokost.id/listing/palagan-huis/;Palagan Huis;Jalan Palagan, No. 1 RT 04 RW 16, Bendosari, Ngaglik,Sleman,Yogyakarta;SARI HARJO;NGAGLIK;KABUPATEN SLEMAN;DI YOGYAKARTA;Kost Campur;Area makan-Area parkir-CCTV-Cleaning service-Dispenser-Laundry-Lift-Rooftop-Hyatt Regency Golf-SPBU-Centro Futsal & Badminton-Universitas Teknologi Yogyakarta (3KM);Deluxe Room;25;3500000
https://infokost.id/listing/kost-putri-prima/;Kost Putri Prima;Jl. Sulawesi 8 No.1, Purwosari, Sinduadi, Kec. Mlati, Kabupaten Sleman, Daerah Istimewa Yogyakarta 55284;SINDUADI;MLATI;KABUPATEN SLEMAN;DI YOGYAKARTA;Kost Putri;Area parkir-CCTV-Cleaning service-Ruang santai / ruang tamu-Wifi-Monumen Yogya Kembali-Universitas Gajah Mada-Coffe Shop-Indomaret-Warung Makan;Tipe 3x4;12;1800000
https://infokost.id/listing/kost-putri-prima/;Kost Putri Prima;Jl. Sulawesi 8 No.1, Purwosari, Sinduadi, Kec. Mlati, Kabupaten Sleman, Daerah Istimewa Yogyakarta 55284;SINDUADI;MLATI;KABUPATEN SLEMAN;DI YOGYAKARTA;Kost Putri;Area parkir-CCTV-Cleaning service-Ruang santai / ruang tamu-Wifi-Monumen Yogya Kembali-Universitas Gajah Mada-Coffe Shop-Indomaret-Warung Makan;Tipe 3x3;9;1500000
https://infokost.id/listing/kost-putri-premier-junior-home/;Kost Putri Premier Junior Home;jl gempol raya perumahan griya pesona mulia no 2a condong catur depok sleman yk;CONDONG CATUR;DEPOK;KABUPATEN SLEMAN;DI YOGYAKARTA;Kost Putri;Area parkir-CCTV-Ruang santai / ruang tamu-Wifi-  Supermarket-  Rumah Sakit-  Rumah Makan-  Halte Bus;Standard;7;1200000
https://infokost.id/listing/kost-putri-premier-junior-home/;Kost Putri Premier Junior Home;jl gempol raya perumahan griya pesona mulia no 2a condong catur depok sleman yk;CONDONG CATUR;DEPOK;KABUPATEN SLEMAN;DI YOGYAKARTA;Kost Putri;Area parkir-CCTV-Ruang santai / ruang tamu-Wifi-  Supermarket-  Rumah Sakit-  Rumah Makan-  Halte Bus;Standard;7;1200000
https://infokost.id/listing/kost-putri-premier-junior-home/;Kost Putri Premier Junior Home;jl gempol raya perumahan griya pesona mulia no 2a condong catur depok sleman yk;CONDONG CATUR;DEPOK;KABUPATEN SLEMAN;DI YOGYAKARTA;Kost Putri;Area parkir-CCTV-Ruang santai / ruang tamu-Wifi-  Supermarket-  Rumah Sakit-  Rumah Makan-  Halte Bus;Standard;7;1200000
https://infokost.id/listing/kost-putri-premier-junior-home/;Kost Putri Premier Junior Home;jl gempol raya perumahan griya pesona mulia no 2a condong catur depok sleman yk;CONDONG CATUR;DEPOK;KABUPATEN SLEMAN;DI YOGYAKARTA;Kost Putri;Area parkir-CCTV-Ruang santai / ruang tamu-Wifi-  Supermarket-  Rumah Sakit-  Rumah Makan-  Halte Bus;Standard;7;1200000
https://infokost.id/listing/kost-joglo-djaboeng/;Kost Djoglo Djaboeng;Nogotirto Elok 4 Jln. Perkutut G40, Gamping, Sleman;NOGOTIRTO;GAMPING;KABUPATEN SLEMAN;DI YOGYAKARTA;Kost Putri;Area parkir-CCTV-Cleaning service-Dapur-Ruang santai / ruang tamu-Wifi-Rumah Sakit Umum Queen Latifa-Warung Makan-Lapangan Sepak Bola Nogotirto-Coffe Shop;Tipe A;7;1200000
https://infokost.id/listing/kost-joglo-djaboeng/;Kost Djoglo Djaboeng;Nogotirto Elok 4 Jln. Perkutut G40, Gamping, Sleman;NOGOTIRTO;GAMPING;KABUPATEN SLEMAN;DI YOGYAKARTA;Kost Putri;Area parkir-CCTV-Cleaning service-Dapur-Ruang santai / ruang tamu-Wifi-Rumah Sakit Umum Queen Latifa-Warung Makan-Lapangan Sepak Bola Nogotirto-Coffe Shop;Tipe B;6;1100000
https://infokost.id/listing/rumah-palagan/;Rumah Palagan;Jl. Kranji 19b, Damai, Mudal, Sariharjo, Ngaglik, Sleman 55581;SARI HARJO;NGAGLIK;KABUPATEN SLEMAN;DI YOGYAKARTA;Kost Campur;Area makan-Area parkir-CCTV-Cleaning service-Dapur-Dispenser-Kompor-Kulkas-UII Kaliurang 15 menit-UGM 15 menit-UMY 25 menit-UII, UPN Seturan 15 menit;Executive Double;20;2450000
https://infokost.id/listing/rumah-palagan/;Rumah Palagan;Jl. Kranji 19b, Damai, Mudal, Sariharjo, Ngaglik, Sleman 55581;SARI HARJO;NGAGLIK;KABUPATEN SLEMAN;DI YOGYAKARTA;Kost Campur;Area makan-Area parkir-CCTV-Cleaning service-Dapur-Dispenser-Kompor-Kulkas-UII Kaliurang 15 menit-UGM 15 menit-UMY 25 menit-UII, UPN Seturan 15 menit;Executive;20;2150000
https://infokost.id/listing/rumah-palagan/;Rumah Palagan;Jl. Kranji 19b, Damai, Mudal, Sariharjo, Ngaglik, Sleman 55581;SARI HARJO;NGAGLIK;KABUPATEN SLEMAN;DI YOGYAKARTA;Kost Campur;Area makan-Area parkir-CCTV-Cleaning service-Dapur-Dispenser-Kompor-Kulkas-UII Kaliurang 15 menit-UGM 15 menit-UMY 25 menit-UII, UPN Seturan 15 menit;VIP;30;2500000
https://infokost.id/listing/rumah-palagan/;Rumah Palagan;Jl. Kranji 19b, Damai, Mudal, Sariharjo, Ngaglik, Sleman 55581;SARI HARJO;NGAGLIK;KABUPATEN SLEMAN;DI YOGYAKARTA;Kost Campur;Area makan-Area parkir-CCTV-Cleaning service-Dapur-Dispenser-Kompor-Kulkas-UII Kaliurang 15 menit-UGM 15 menit-UMY 25 menit-UII, UPN Seturan 15 menit;VVIP;35;2750000
https://infokost.id/listing/rumah-palagan/;Rumah Palagan;Jl. Kranji 19b, Damai, Mudal, Sariharjo, Ngaglik, Sleman 55581;SARI HARJO;NGAGLIK;KABUPATEN SLEMAN;DI YOGYAKARTA;Kost Campur;Area makan-Area parkir-CCTV-Cleaning service-Dapur-Dispenser-Kompor-Kulkas-UII Kaliurang 15 menit-UGM 15 menit-UMY 25 menit-UII, UPN Seturan 15 menit;Executive Standard;20;1850000
https://infokost.id/listing/kost-putra-pak-amos/;Kost Putra Pak Amos;Demangan Kidul GK I no. 83 RT012 RW04 Kel. Demangan Kec. Gondokusuman, Daerah Istimewa Yogyakarta 55221;DEMANGAN;GONDOKUSUMAN;KOTA YOGYAKARTA;DI YOGYAKARTA;Kost Putra;Area parkir-CCTV-Dapur-Kulkas-Mesin cuci-Wifi-Lippo Mall-UIN-UGM-Atma Jaya-Sanata Dharma-UKDW-YKPN-AKPRIND;Standar Kamar Mandi Dalam;9;900000
https://infokost.id/listing/kost-putra-pak-amos/;Kost Putra Pak Amos;Demangan Kidul GK I no. 83 RT012 RW04 Kel. Demangan Kec. Gondokusuman, Daerah Istimewa Yogyakarta 55221;DEMANGAN;GONDOKUSUMAN;KOTA YOGYAKARTA;DI YOGYAKARTA;Kost Putra;Area parkir-CCTV-Dapur-Kulkas-Mesin cuci-Wifi-Lippo Mall-UIN-UGM-Atma Jaya-Sanata Dharma-UKDW-YKPN-AKPRIND;Standar Kamar Mandi Luar;9;600000
https://infokost.id/listing/kost-putri-maharani/;Kost Putri Maharani;Jl. Kembang Baru II No 2, Maguwoharjo, Kec. Depok, Kabupaten Sleman, Daerah Istimewa Yogyakarta 55281, Indonesia;MAGUWOHARJO;DEPOK;KABUPATEN SLEMAN;DI YOGYAKARTA;Kost Putri;Area makan-CCTV-Mesin cuci-Tempat jemur pakaian-Wifi-Bandar Udara Internasional Adisutjipto-Stasiun Maguwo-Pasar Sambilegi-Poltekkes TNI AU Adisutjipto Yogyakarta;Tipe A;25;500000
https://infokost.id/listing/kost-putri-maharani/;Kost Putri Maharani;Jl. Kembang Baru II No 2, Maguwoharjo, Kec. Depok, Kabupaten Sleman, Daerah Istimewa Yogyakarta 55281, Indonesia;MAGUWOHARJO;DEPOK;KABUPATEN SLEMAN;DI YOGYAKARTA;Kost Putri;Area makan-CCTV-Mesin cuci-Tempat jemur pakaian-Wifi-Bandar Udara Internasional Adisutjipto-Stasiun Maguwo-Pasar Sambilegi-Poltekkes TNI AU Adisutjipto Yogyakarta;Tipe B;10;400000
https://infokost.id/listing/kost-putri-maharani/;Kost Putri Maharani;Jl. Kembang Baru II No 2, Maguwoharjo, Kec. Depok, Kabupaten Sleman, Daerah Istimewa Yogyakarta 55281, Indonesia;MAGUWOHARJO;DEPOK;KABUPATEN SLEMAN;DI YOGYAKARTA;Kost Putri;Area makan-CCTV-Mesin cuci-Tempat jemur pakaian-Wifi-Bandar Udara Internasional Adisutjipto-Stasiun Maguwo-Pasar Sambilegi-Poltekkes TNI AU Adisutjipto Yogyakarta;Tipe C;5;350000
https://infokost.id/listing/kost-putri-amanah-lempuyangan/;KOST PUTRI AMANAH LEMPUYANGAN;Jl. Lempuyangan Tengah III No.244, Bausasran, Kec. Danurejan, Kota Yogyakarta, Daerah Istimewa Yogyakarta 55211, Indonesia;BAUSASRAN;DANUREJAN;KOTA YOGYAKARTA;DI YOGYAKARTA;Kost Putri;Area parkir-CCTV-Cleaning service-Dapur-Dispenser-Kompor-Kulkas-Meja kompor-Stasiun Lempuyangan-Stadion Mandala Krida-SMP Negeri 15 Yogyakarta-Warung Makan-Coffe Shop;Standard;16;1600000
https://infokost.id/listing/kost-putri-lina/;KOST PUTRI LINA;Jalan Nangka II, No 224, Krodan, Kelurahan Maguwoharjo, Kecamatan Depok, Kabupaten Sleman, Daerah Istimewa Yogyakarta 55281;MAGUWOHARJO;DEPOK;KABUPATEN SLEMAN;DI YOGYAKARTA;Kost Putri;Area parkir-CCTV-Dapur-Dispenser-Kolam renang-Kompor-Kulkas-Mesin cuci-Universitas Pembangunan Nasional Veteran Yogyakarta-Kampus III Universitas Sanata Dharma-Pasar Stan-Maguwoharjo Football Park;Isian;1;1000000
https://infokost.id/listing/kos-muslimah-koziku/;Kos Muslimah Koziku;Turen (Depan SMPN 3 Ngaglik), Sardonoharjo, Ngaglik, Sleman;SARDONOHARJO;NGAGLIK;KABUPATEN SLEMAN;DI YOGYAKARTA;Kost Putri;Area parkir-CCTV-Kulkas-Mesin cuci-Wifi-Pondok Pesantren Pandanaran-Universitas Islam Indonesia-Coffe Shop-Warung Makan-Super Market;Standar;14;899999
https://infokost.id/listing/kos-muslimah-koziku/;Kos Muslimah Koziku;Turen (Depan SMPN 3 Ngaglik), Sardonoharjo, Ngaglik, Sleman;SARDONOHARJO;NGAGLIK;KABUPATEN SLEMAN;DI YOGYAKARTA;Kost Putri;Area parkir-CCTV-Kulkas-Mesin cuci-Wifi-Pondok Pesantren Pandanaran-Universitas Islam Indonesia-Coffe Shop-Warung Makan-Super Market;AC/Heater;14;1200000
https://infokost.id/listing/kos-muslimah-koziku/;Kos Muslimah Koziku;Turen (Depan SMPN 3 Ngaglik), Sardonoharjo, Ngaglik, Sleman;SARDONOHARJO;NGAGLIK;KABUPATEN SLEMAN;DI YOGYAKARTA;Kost Putri;Area parkir-CCTV-Kulkas-Mesin cuci-Wifi-Pondok Pesantren Pandanaran-Universitas Islam Indonesia-Coffe Shop-Warung Makan-Super Market;AC+Heater;14;1400000
https://infokost.id/listing/kos-10a/;Kos 10A;Jl kaliurang km 5.6 pandega wreksa no 10a;CATUR TUNGGAL;DEPOK;KABUPATEN SLEMAN;DI YOGYAKARTA;Kost Putri;Area parkir-CCTV-Kulkas-Wifi-Universitas Gadjah Mada-Superindo Kaliurang-Apotek-Coffe Shop-Warung Makan;Kamar Mandi dalam;9;600000
https://infokost.id/listing/griya-indrayani/;Griya Indrayani;Jl. Demangan Baru Jl. Pelemburan Gg. Cucakrowo No.5, Demangan Baru, Caturtunggal, Kec. Depok, Kabupaten Sleman, Daerah Istimewa Yogyakarta 55281;CATUR TUNGGAL;DEPOK;KABUPATEN SLEMAN;DI YOGYAKARTA;Kost Putri;Area parkir-CCTV-Cleaning service-Dapur-Ruang santai / ruang tamu-Wifi-Universitas Negeri Yogyakarta-UIN Sunan Kalijaga Yogyakarta-Plaza Ambarrukmo-SMA Kolese De Britto Yogyakarta;Tipe A;10;2100000
https://infokost.id/listing/zaitun-syariah-guest-house/;Zaitun Syariah Guest House;Jl. Tata Bumi Selatan No.109, Area Sawah, Banyuraden, Kec. Gamping, Kabupaten Sleman, Daerah Istimewa Yogyakarta 55293;NGESTIHARJO;KASIHAN;KABUPATEN BANTUL;DI YOGYAKARTA;Kost Campur;Area parkir-Cleaning service-Ruang santai / ruang tamu-Universitas PGRI Yogyakarta-Palang Merah Indonesia Daerah Istimewa Yogyakarta-GOR SUPRIYATI;Tipe A;12;3200000
https://infokost.id/listing/zaitun-syariah-guest-house/;Zaitun Syariah Guest House;Jl. Tata Bumi Selatan No.109, Area Sawah, Banyuraden, Kec. Gamping, Kabupaten Sleman, Daerah Istimewa Yogyakarta 55293;NGESTIHARJO;KASIHAN;KABUPATEN BANTUL;DI YOGYAKARTA;Kost Campur;Area parkir-Cleaning service-Ruang santai / ruang tamu-Universitas PGRI Yogyakarta-Palang Merah Indonesia Daerah Istimewa Yogyakarta-GOR SUPRIYATI;Tipe B;11;2700000
https://infokost.id/listing/kost-putra-djaved-pogung/;Kost Putra D’Javed Pogung;Jl. Pogung Raya No.272G, Pogung Kidul, Sinduadi, Kec. Mlati, Kabupaten Sleman, Daerah Istimewa Yogyakarta 55284;SINDUADI;MLATI;KABUPATEN SLEMAN;DI YOGYAKARTA;Kost Campur;Area parkir-CCTV-Cleaning service-Dapur-Ruang santai / ruang tamu-Coffe Shop-Apartemen Taman Melati Yogyakarta-Rumah Sakit Umum Pusat (RSUP) Dr. Sardjito-Monumen Yogya Kembali;VIP;20;3700000
https://infokost.id/listing/kost-putra-djaved-pogung/;Kost Putra D’Javed Pogung;Jl. Pogung Raya No.272G, Pogung Kidul, Sinduadi, Kec. Mlati, Kabupaten Sleman, Daerah Istimewa Yogyakarta 55284;SINDUADI;MLATI;KABUPATEN SLEMAN;DI YOGYAKARTA;Kost Campur;Area parkir-CCTV-Cleaning service-Dapur-Ruang santai / ruang tamu-Coffe Shop-Apartemen Taman Melati Yogyakarta-Rumah Sakit Umum Pusat (RSUP) Dr. Sardjito-Monumen Yogya Kembali;Standard;16;2700000
https://infokost.id/listing/kost-eksklusif-rahayu/;Kost Eksklusif Rahayu;Jl. Lempongsari Raya No.165A, Jongkang, Baru, Kec. Ngaglik, Kabupaten Sleman, Daerah Istimewa Yogyakarta 55581;SARI HARJO;NGAGLIK;KABUPATEN SLEMAN;DI YOGYAKARTA;Kost Campur;Area parkir-CCTV-Jogja City Mall-Monumen Yogya Kembali-Pondok Pesantren Taruna Al – Quran-Apotek Kimia Farma;Standard;16;2000000
https://infokost.id/listing/kost-putri-ana/;Kost Putri Ana;Jl. Magelang Km 7,5 (Seberang BKN)/ Mlati Beningan RT 06 RW 02 Sendangadi Mlati Sleman;SENDANGADI;MLATI;KABUPATEN SLEMAN;DI YOGYAKARTA;Kost Putri;CCTV-Wifi-Kantor Regional I BKN Yogyakarta-Mini Zoo Jogja Exotarium-Rumah Sakit Akademik UGM Yogyakarta-Gereja Katolik Santo Aloysius Gonzaga, Mlati;Standard;5;750000
https://infokost.id/listing/kost-arsyila-executive/;Kost Arsyila Executive;Perum Tamantirto Asri No.1, Jadan, Tamantirto, Kec. Kasihan, Kabupaten Bantul, Daerah Istimewa Yogyakarta 55184;TAMANTIRTO;KASIHAN;KABUPATEN BANTUL;DI YOGYAKARTA;Kost Campur;Area parkir-CCTV-Cleaning service-Dapur-Ruang santai / ruang tamu-Wifi-Universitas PGRI Yogyakarta-Universitas Muhammadiyah Yogyakarta-Lapangan Kasihan;Tipe A;10;1550000
https://infokost.id/listing/reddorz-near-amplas/;Reddorz near amplas;Jl. Ori II No.8, Papringan, Caturtunggal, Kec. Depok, Kabupaten Sleman, Daerah Istimewa Yogyakarta 55281, Indonesia;CATUR TUNGGAL;DEPOK;KABUPATEN SLEMAN;DI YOGYAKARTA;Kost Campur;Area parkir-CCTV-Cleaning service-Ruang santai / ruang tamu-Wifi-Universitas Gadjah Mada-UIN Sunan Kalijaga Yogyakarta-Bandar Udara Internasional Adisutjipto-Kampus I Mrican – Universitas Sanata Dharma;Tipe A;8;1700000
https://infokost.id/listing/reddorz-near-amplas/;Reddorz near amplas;Jl. Ori II No.8, Papringan, Caturtunggal, Kec. Depok, Kabupaten Sleman, Daerah Istimewa Yogyakarta 55281, Indonesia;CATUR TUNGGAL;DEPOK;KABUPATEN SLEMAN;DI YOGYAKARTA;Kost Campur;Area parkir-CCTV-Cleaning service-Ruang santai / ruang tamu-Wifi-Universitas Gadjah Mada-UIN Sunan Kalijaga Yogyakarta-Bandar Udara Internasional Adisutjipto-Kampus I Mrican – Universitas Sanata Dharma;Tipe B;12;2700000
https://infokost.id/listing/kost-bapak-sumargono/;Kost Bapak Sumargono;Jl. Janti Karangjambe G. Ontoseno RT.04/19 No.96 Banguntapan Bantul;BANGUNTAPAN;BANGUNTAPAN;KABUPATEN BANTUL;DI YOGYAKARTA;Kost Putra;Area parkir-CCTV-Wifi-Bandar Udara Internasional Adisutjipto-Poltekkes TNI AU Adisutjipto Yogyakarta-UIN Sunan Kalijaga Yogyakarta;Standard;9;300000
https://infokost.id/listing/omah-sukun-jogja/;Omah Sukun Jogja;Gg. Garuda No.23, Modalan, Banguntapan, Kec. Banguntapan, Kabupaten Bantul, Daerah Istimewa Yogyakarta 55198;BANGUNTAPAN;BANGUNTAPAN;KABUPATEN BANTUL;DI YOGYAKARTA;Kost Campur;Area parkir-CCTV-Ruang santai / ruang tamu-Bandar Udara Internasional Adisutjipto-Universitas Teknologi Digital Indonesia (UTDI)-Museum Pusat TNI AU Dirgantara Mandala-UIN Sunan Kalijaga Yogyakarta-Gembira Loka Zoo;Standard A;16;1800000
https://infokost.id/listing/omah-sukun-jogja/;Omah Sukun Jogja;Gg. Garuda No.23, Modalan, Banguntapan, Kec. Banguntapan, Kabupaten Bantul, Daerah Istimewa Yogyakarta 55198;BANGUNTAPAN;BANGUNTAPAN;KABUPATEN BANTUL;DI YOGYAKARTA;Kost Campur;Area parkir-CCTV-Ruang santai / ruang tamu-Bandar Udara Internasional Adisutjipto-Universitas Teknologi Digital Indonesia (UTDI)-Museum Pusat TNI AU Dirgantara Mandala-UIN Sunan Kalijaga Yogyakarta-Gembira Loka Zoo;Standard B;16;1600000
https://infokost.id/listing/dzawani-kost-eksklusif-rajawali/;Dzawani Kost Eksklusif Rajawali;Jl. Rajawali No.84, Manukan, Condongcatur, Kec. Depok, Kabupaten Sleman, Daerah Istimewa Yogyakarta 55281;CONDONG CATUR;DEPOK;KABUPATEN SLEMAN;DI YOGYAKARTA;Kost Putri;Area parkir-CCTV-Cleaning service-Dapur-Dispenser-Kompor-Kulkas-Lift-Stadion Maguwoharjo-Rumah Sakit JIH-Alfamart-Universitas Pembangunan Nasional Veteran Yogyakarta-PLN Gardu Induk Kentungan;Tipe A;12;2250000
https://infokost.id/listing/kost-lestari/;Kost LESTARI;Jl. Ireda No. 87, Keparakan Lor, Gondokusuman, Yogyakarta;KEPARAKAN;MERGANGSAN;KOTA YOGYAKARTA;DI YOGYAKARTA;Kost Putra;Area parkir-CCTV-Cleaning service-Dapur-Dispenser-Kulkas-Laundry-Meja kompor;Tipe A;5;1200000
https://infokost.id/listing/kost-lestari/;Kost LESTARI;Jl. Ireda No. 87, Keparakan Lor, Gondokusuman, Yogyakarta;KEPARAKAN;MERGANGSAN;KOTA YOGYAKARTA;DI YOGYAKARTA;Kost Putra;Area parkir-CCTV-Cleaning service-Dapur-Dispenser-Kulkas-Laundry-Meja kompor;Tipe B;9;1100000
https://infokost.id/listing/kost-lestari/;Kost LESTARI;Jl. Ireda No. 87, Keparakan Lor, Gondokusuman, Yogyakarta;KEPARAKAN;MERGANGSAN;KOTA YOGYAKARTA;DI YOGYAKARTA;Kost Putra;Area parkir-CCTV-Cleaning service-Dapur-Dispenser-Kulkas-Laundry-Meja kompor;Tipe C;25;900000
https://infokost.id/listing/kost-eksklusif-omah-margodadi-jogja/;Kost Eksklusif Omah Margodadi Jogja;Gg.Mawar No.4 ,ngropoh Condongcatur Kec.Depok Kab.Sleman DIY 55283;CONDONG CATUR;DEPOK;KABUPATEN SLEMAN;DI YOGYAKARTA;Kost Campur;Area parkir-CCTV-Dapur-Ruang santai / ruang tamu-University of Mercu Buana Campus II, Yogyakarta-UPN “Veteran” Yogyakarta-University of Amikom Yogyakarta-Gaol Futsal, Pool n Lounge;Standard;16;1750000
https://infokost.id/listing/indokosmansion/;Indokosmansion;Jl. Mangga No.95, Ngabean Wetan, Sinduharjo, Kec. Ngaglik, Kabupaten Sleman, Daerah Istimewa Yogyakarta 55281;SINDUHARJO;NGAGLIK;KABUPATEN SLEMAN;DI YOGYAKARTA;Kost Campur;Area parkir-Cleaning service-Dapur-Rooftop-Ruang santai / ruang tamu-Wifi-Apotek-Rumah Sakit JIH-RS Condong Catur-Coffe Shop-Warung Makan;Tipe A;9;1600000
https://infokost.id/listing/indokosmansion/;Indokosmansion;Jl. Mangga No.95, Ngabean Wetan, Sinduharjo, Kec. Ngaglik, Kabupaten Sleman, Daerah Istimewa Yogyakarta 55281;SINDUHARJO;NGAGLIK;KABUPATEN SLEMAN;DI YOGYAKARTA;Kost Campur;Area parkir-Cleaning service-Dapur-Rooftop-Ruang santai / ruang tamu-Wifi-Apotek-Rumah Sakit JIH-RS Condong Catur-Coffe Shop-Warung Makan;Tipe B;8;1600000
https://infokost.id/listing/kost-pak-marto/;Kost Pak Marto;Mlati Dukuh, Sendangadi, Kec. Mlati, Kabupaten Sleman, Daerah Istimewa Yogyakarta 55285;SENDANGADI;MLATI;KABUPATEN SLEMAN;DI YOGYAKARTA;Kost Campur;Area parkir-CCTV-Cleaning service-Dapur-Ruang santai / ruang tamu-Wifi-Universitas Teknologi Yogyakarta-Jogja City Mall-Sekolah Tinggi Multi Media (MMTC) Yogyakarta-Rumah Sakit Akademik UGM Yogyakarta;Tipe A;9;1300000
https://infokost.id/listing/kost-pak-marto/;Kost Pak Marto;Mlati Dukuh, Sendangadi, Kec. Mlati, Kabupaten Sleman, Daerah Istimewa Yogyakarta 55285;SENDANGADI;MLATI;KABUPATEN SLEMAN;DI YOGYAKARTA;Kost Campur;Area parkir-CCTV-Cleaning service-Dapur-Ruang santai / ruang tamu-Wifi-Universitas Teknologi Yogyakarta-Jogja City Mall-Sekolah Tinggi Multi Media (MMTC) Yogyakarta-Rumah Sakit Akademik UGM Yogyakarta;Tipe B;12;1400000
https://infokost.id/listing/kos-karangwuni/;Kos Karangwuni;Gang Kweni Karangwuni No H8 A Karangwuni Caturtunggal Depok Sleman Yogyakarta;CATUR TUNGGAL;DEPOK;KABUPATEN SLEMAN;DI YOGYAKARTA;Kost Campur;Area parkir-CCTV-Cleaning service-Dapur-Laundry-Rooftop-Ruang santai / ruang tamu-Universitas Gadjah Mada-Warung Makan-Coffe Shop-Universitas Negeri Yogyakarta;Tipe A;12;1800000
https://infokost.id/listing/kost-putra-eksklusif-pondok-indah-kaliurang/;Kost Putra Eksklusif Pondok Indah Kaliurang;Gg. Pamungkas , Blok W-1A , Pogung Baru (Masuk dari Dunkin Donut Jl. Kaliurang km 5.5);CATUR TUNGGAL;DEPOK;KABUPATEN SLEMAN;DI YOGYAKARTA;Kost Campur;Area parkir-CCTV-Cleaning service-Dapur-Laundry-Ruang santai / ruang tamu-Universitas Gajah Mada-Universitas Negeri Yogyakarta-Monumen Yogya Kembali-Warung Makan;Standard;16;2000000
https://infokost.id/listing/kost-pak-joko-seturan-3-no-15a/;Kost Pak Joko Seturan 3 No.15a;Jl. Seturan III No.15a, Kledokan, Caturtunggal, Kec. Depok, Kabupaten Sleman, Daerah Istimewa Yogyakarta 55281, Indonesia;CATUR TUNGGAL;DEPOK;KABUPATEN SLEMAN;DI YOGYAKARTA;Kost Campur;Area parkir-CCTV-Cleaning service-Dapur-Laundry-Ruang santai / ruang tamu-Universitas Pembangunan Nasional Veteran Yogyakarta-Futsal-Warung Makan-Coffe Shop;Standard Non AC;16;1100000
https://infokost.id/listing/kost-genessa-bu-lia/;Kost Genessa Bu Lia;Jl. Pamularsih No.151, Ngabean Wetan, Sinduharjo, Kec. Ngaglik, Kabupaten Sleman, Daerah Istimewa Yogyakarta 55581, Indonesia;SINDUHARJO;NGAGLIK;KABUPATEN SLEMAN;DI YOGYAKARTA;Kost Campur;Area parkir-CCTV-Cleaning service-Dapur-Ruang santai / ruang tamu-Warung Makan-Coffe Shop-Rumah Sakit JIH-Pasar Kolombo-Stadion Maguwoharjo-Kampus III Universitas Sanata Dharma;Standard A;16;1700000
https://infokost.id/listing/kost-genessa-bu-lia/;Kost Genessa Bu Lia;Jl. Pamularsih No.151, Ngabean Wetan, Sinduharjo, Kec. Ngaglik, Kabupaten Sleman, Daerah Istimewa Yogyakarta 55581, Indonesia;SINDUHARJO;NGAGLIK;KABUPATEN SLEMAN;DI YOGYAKARTA;Kost Campur;Area parkir-CCTV-Cleaning service-Dapur-Ruang santai / ruang tamu-Warung Makan-Coffe Shop-Rumah Sakit JIH-Pasar Kolombo-Stadion Maguwoharjo-Kampus III Universitas Sanata Dharma;Standard B;16;1500000
https://infokost.id/listing/kost-eksklusif-casaqu/;Kost Eksklusif Casaqu;Jl.Wijaya Kusuma No.84 Rt004/Rw028 Kutu Dukuh, Sinduadi Mlati sleman DIY;SINDUADI;MLATI;KABUPATEN SLEMAN;DI YOGYAKARTA;Kost Campur;Area parkir-CCTV-Dapur-Ruang santai / ruang tamu-Puskesmas-Warung Makan-Jogja City Mall-Monumen Yogya Kembali;Superior;20;2200000
https://infokost.id/listing/kost-eksklusif-casaqu/;Kost Eksklusif Casaqu;Jl.Wijaya Kusuma No.84 Rt004/Rw028 Kutu Dukuh, Sinduadi Mlati sleman DIY;SINDUADI;MLATI;KABUPATEN SLEMAN;DI YOGYAKARTA;Kost Campur;Area parkir-CCTV-Dapur-Ruang santai / ruang tamu-Puskesmas-Warung Makan-Jogja City Mall-Monumen Yogya Kembali;Tipe A;14;1550000
https://infokost.id/listing/kost-arrayan/;Kost Arrayan;Jl. Pugeran RT05/RW05, no.4B, Yogyakarta;MAGUWOHARJO;DEPOK;KABUPATEN SLEMAN;DI YOGYAKARTA;Kost Campur;Area parkir-CCTV-Cleaning service-Dapur-Rooftop-Ruang santai / ruang tamu-Wifi-Universitas Pembangunan Nasional Veteran Yogyakarta-Jogja Bay Pirates Adventure Waterpark-INSTIPER YOGYAKARTA-Pemancingan Moro Kangen-Warung Makan-Coffe Shop;Type A;9;1500000
https://infokost.id/listing/kost-dr-yuwono/;Kost dr Yuwono;Jalan Ring Road Selatan, Gatak, Tamantirto, Kec. Kasihan, Kabupaten Bantul, Daerah Istimewa Yogyakarta 55183;TAMANTIRTO;KASIHAN;KABUPATEN BANTUL;DI YOGYAKARTA;Kost Campur;Area parkir-CCTV-Cleaning service-Dapur-Ruang santai / ruang tamu-Wifi-Universitas Muhammadiyah Yogyakarta-Warung Makan-Coffe Shop-SPBU-Universitas Alma Ata Yogyakarta-Metro Kampus UMY;Tipe A;10;1500000
https://infokost.id/listing/kost-dr-yuwono/;Kost dr Yuwono;Jalan Ring Road Selatan, Gatak, Tamantirto, Kec. Kasihan, Kabupaten Bantul, Daerah Istimewa Yogyakarta 55183;TAMANTIRTO;KASIHAN;KABUPATEN BANTUL;DI YOGYAKARTA;Kost Campur;Area parkir-CCTV-Cleaning service-Dapur-Ruang santai / ruang tamu-Wifi-Universitas Muhammadiyah Yogyakarta-Warung Makan-Coffe Shop-SPBU-Universitas Alma Ata Yogyakarta-Metro Kampus UMY;Tipe B;9;1300000
https://infokost.id/listing/kos-putri-blessing-kepuh-gk3/;KOS PUTRI BLESSING KEPUH GK3;JALAN KEPUH GK3 NO.1094 GONDOKUSUMAN YOGYAKARTA 55222;KLITREN;GONDOKUSUMAN;KOTA YOGYAKARTA;DI YOGYAKARTA;Kost Putri;Area parkir-CCTV-Dapur-Kulkas-Rooftop-Lippo Plaza Yogya-Universitas Negeri Yogyakarta-Universitas Sanata Dharma Kampus 2 Mrican-Universitas Kristen Duta Wacana-Rumah Sakit Bethesda Yogyakarta;Standard;9;500000
https://infokost.id/listing/kost-putri-muslimah-bunda/;Kost Putri (Muslimah) BUNDA;Jl. Kabupaten, Nogotirto, Kec. Gamping, Kabupaten Sleman, Daerah Istimewa Yogyakarta, Indonesia;NOGOTIRTO;GAMPING;KABUPATEN SLEMAN;DI YOGYAKARTA;Kost Putri;Area parkir-CCTV-Kompor-Kulkas-Mesin cuci-Microwave-Rooftop-Wifi-Sindu Kusuma Edupark (SKE)-Universitas ‘Aisyiyah Yogyakarta-Paragon Futsal-Coffe Shop-Warung Makan-Sekolah Tinggi Pertanahan Nasional (STPN) Yogyakarta;Standard/Single;75;680000
https://infokost.id/listing/kost-putri-sabine/;Kost Putri Sabine;Jl. Kaliurang km. 13, Jl. Perdana No.3, Turen, Desa Sardonoharjo, Kecamatan Ngaglik, Sleman Regency, Special Region of Yogyakarta;SARDONOHARJO;NGAGLIK;KABUPATEN SLEMAN;DI YOGYAKARTA;Kost Putri;Area parkir-CCTV-Dapur-Dispenser-Kompor-Kulkas-Meja kompor-Mesin cuci-Pondok Pesantren Pandanaran-Warung Makan-Universitas Islam Indonesia-SMP Negeri 3 Ngaglik-Coffe Shop;Kamar Non AC;12;950000
https://infokost.id/listing/kost-putri-sabine/;Kost Putri Sabine;Jl. Kaliurang km. 13, Jl. Perdana No.3, Turen, Desa Sardonoharjo, Kecamatan Ngaglik, Sleman Regency, Special Region of Yogyakarta;SARDONOHARJO;NGAGLIK;KABUPATEN SLEMAN;DI YOGYAKARTA;Kost Putri;Area parkir-CCTV-Dapur-Dispenser-Kompor-Kulkas-Meja kompor-Mesin cuci-Pondok Pesantren Pandanaran-Warung Makan-Universitas Islam Indonesia-SMP Negeri 3 Ngaglik-Coffe Shop;Kamar AC;12;1200000
https://infokost.id/listing/kost-pria-muslim-mufasa/;Kost Pria Muslim Mufasa;Perumahan Jombor Baru No 17 Blok 4 RT 4 RW 3 , Sendangadi, Mlati, Kabupaten Sleman, DIY 55285;SENDANGADI;MLATI;KABUPATEN SLEMAN;DI YOGYAKARTA;Kost Campur;Area parkir-CCTV-Cleaning service-Dapur-Kompor-Kulkas-Mesin cuci-Microwave-Joglosemar Executive Shuttle Bus-Terminal Jombor Yogyakarta-Hyatt Regency Golf-Circle K Jombor-Monumen Yogya Kembali;Tipe A;9;1000000
https://infokost.id/listing/kost-pria-muslim-mufasa/;Kost Pria Muslim Mufasa;Perumahan Jombor Baru No 17 Blok 4 RT 4 RW 3 , Sendangadi, Mlati, Kabupaten Sleman, DIY 55285;SENDANGADI;MLATI;KABUPATEN SLEMAN;DI YOGYAKARTA;Kost Campur;Area parkir-CCTV-Cleaning service-Dapur-Kompor-Kulkas-Mesin cuci-Microwave-Joglosemar Executive Shuttle Bus-Terminal Jombor Yogyakarta-Hyatt Regency Golf-Circle K Jombor-Monumen Yogya Kembali;Tipe B;9;1100000
https://infokost.id/listing/kost-pria-muslim-mufasa/;Kost Pria Muslim Mufasa;Perumahan Jombor Baru No 17 Blok 4 RT 4 RW 3 , Sendangadi, Mlati, Kabupaten Sleman, DIY 55285;SENDANGADI;MLATI;KABUPATEN SLEMAN;DI YOGYAKARTA;Kost Campur;Area parkir-CCTV-Cleaning service-Dapur-Kompor-Kulkas-Mesin cuci-Microwave-Joglosemar Executive Shuttle Bus-Terminal Jombor Yogyakarta-Hyatt Regency Golf-Circle K Jombor-Monumen Yogya Kembali;Tipe C;9;1200000
https://infokost.id/listing/de-gadri-ndalem-kost-exclusive/;De Gadri Ndalem Kost Exclusive;Jl. Ring Road Selatan No.320, Ngrame, Tamantirto, Kec. Kasihan, Kabupaten Bantul, Daerah Istimewa Yogyakarta 55184;TAMANTIRTO;KASIHAN;KABUPATEN BANTUL;DI YOGYAKARTA;Kost Campur;Area parkir-CCTV-Cleaning service-Dapur-Dispenser-Kolam renang-Kulkas-Laundry-Metro Kampus UMY-Universitas Alma Ata Yogyakarta-Universitas Muhammadiyah Yogyakarta-Pertamina Petrol Station;Standard Room;16;1600000
https://infokost.id/listing/de-gadri-ndalem-kost-exclusive/;De Gadri Ndalem Kost Exclusive;Jl. Ring Road Selatan No.320, Ngrame, Tamantirto, Kec. Kasihan, Kabupaten Bantul, Daerah Istimewa Yogyakarta 55184;TAMANTIRTO;KASIHAN;KABUPATEN BANTUL;DI YOGYAKARTA;Kost Campur;Area parkir-CCTV-Cleaning service-Dapur-Dispenser-Kolam renang-Kulkas-Laundry-Metro Kampus UMY-Universitas Alma Ata Yogyakarta-Universitas Muhammadiyah Yogyakarta-Pertamina Petrol Station;Standard Single;25;1800000
https://infokost.id/listing/de-gadri-ndalem-kost-exclusive/;De Gadri Ndalem Kost Exclusive;Jl. Ring Road Selatan No.320, Ngrame, Tamantirto, Kec. Kasihan, Kabupaten Bantul, Daerah Istimewa Yogyakarta 55184;TAMANTIRTO;KASIHAN;KABUPATEN BANTUL;DI YOGYAKARTA;Kost Campur;Area parkir-CCTV-Cleaning service-Dapur-Dispenser-Kolam renang-Kulkas-Laundry-Metro Kampus UMY-Universitas Alma Ata Yogyakarta-Universitas Muhammadiyah Yogyakarta-Pertamina Petrol Station;Standar Double;25;2000000
https://infokost.id/listing/de-gadri-ndalem-kost-exclusive/;De Gadri Ndalem Kost Exclusive;Jl. Ring Road Selatan No.320, Ngrame, Tamantirto, Kec. Kasihan, Kabupaten Bantul, Daerah Istimewa Yogyakarta 55184;TAMANTIRTO;KASIHAN;KABUPATEN BANTUL;DI YOGYAKARTA;Kost Campur;Area parkir-CCTV-Cleaning service-Dapur-Dispenser-Kolam renang-Kulkas-Laundry-Metro Kampus UMY-Universitas Alma Ata Yogyakarta-Universitas Muhammadiyah Yogyakarta-Pertamina Petrol Station;Deluxe Double;49;2500000
https://infokost.id/listing/kost-muslimah-fatimah-az-zahra/;Kost Muslimah FATIMAH AZ-ZAHRA;Kp Nitikan UH VI/353 RT 09 RW 10 Kelurahan Sorosutan, Kecamatan Umbulharjo Kotamadya Yogyakarta 55162;SOROSUTAN;UMBULHARJO;KOTA YOGYAKARTA;DI YOGYAKARTA;Kost Putri;Area parkir-CCTV-Dapur-Kompor-Kulkas-Mesin cuci-Microwave-Rooftop-Embung Giwangan-RSUD Kota Yogyakarta-Universitas Ahmad Dahlan – Kampus 4-SMK Negeri 4 Yogyakarta-Masjid Muthohhirin;Blok Depan;15;800000
https://infokost.id/listing/kost-muslimah-fatimah-az-zahra/;Kost Muslimah FATIMAH AZ-ZAHRA;Kp Nitikan UH VI/353 RT 09 RW 10 Kelurahan Sorosutan, Kecamatan Umbulharjo Kotamadya Yogyakarta 55162;SOROSUTAN;UMBULHARJO;KOTA YOGYAKARTA;DI YOGYAKARTA;Kost Putri;Area parkir-CCTV-Dapur-Kompor-Kulkas-Mesin cuci-Microwave-Rooftop-Embung Giwangan-RSUD Kota Yogyakarta-Universitas Ahmad Dahlan – Kampus 4-SMK Negeri 4 Yogyakarta-Masjid Muthohhirin;Blok Tengah;25;650000
https://infokost.id/listing/kost-muslimah-fatimah-az-zahra/;Kost Muslimah FATIMAH AZ-ZAHRA;Kp Nitikan UH VI/353 RT 09 RW 10 Kelurahan Sorosutan, Kecamatan Umbulharjo Kotamadya Yogyakarta 55162;SOROSUTAN;UMBULHARJO;KOTA YOGYAKARTA;DI YOGYAKARTA;Kost Putri;Area parkir-CCTV-Dapur-Kompor-Kulkas-Mesin cuci-Microwave-Rooftop-Embung Giwangan-RSUD Kota Yogyakarta-Universitas Ahmad Dahlan – Kampus 4-SMK Negeri 4 Yogyakarta-Masjid Muthohhirin;Blok Atas;87;600000
https://infokost.id/listing/kost-putra-khalifa/;Kost Putra Khalifa;Glagah Lor, RT. 002, Gang Teratai No. 20, Kel. Tamanan, Kec. Banguntapan, Kab. Bantul, DIY;TAMANAN;BANGUNTAPAN;KABUPATEN BANTUL;DI YOGYAKARTA;Kost Putra;Area parkir-CCTV-Kompor-Kulkas-Mesin cuci-Microwave-Rooftop-Wifi-Glagah Futsal-Warung Makan-BBTKLPP YOGYAKARTA-SMP Negeri 4 Banguntapan-Lapangan Tamanan-Kampus UAD;Putra;12;800000
